{
  "type": "FeatureCollection",
  "generator": "overpass-turbo",
  "copyright": "The data included in this document is from www.openstreetmap.org. The data is made available under ODbL.",
  "timestamp": "2026-05-25T01:40:48Z",
  "features": [
    {
      "type": "Feature",
      "properties": {
        "@id": "relation/9631292",
        "name": "Oldman River",
        "type": "waterway",
        "waterway": "river",
        "wikidata": "Q1514985",
        "wikipedia": "en:Oldman River"
      },
      "geometry": {
        "type": "MultiLineString",
        "coordinates": [
          [
            [-113.6626641, 49.6469579],
            [-113.6603038, 49.6469024],
            [-113.6582009, 49.6472636],
            [-113.6565701, 49.6482361],
            [-113.6549737, 49.648357],
            [-113.6521499, 49.6476804],
            [-113.6501328, 49.6463466],
            [-113.6510255, 49.6448558],
            [-113.6517207, 49.6437623],
            [-113.6521842, 49.6424103]
          ],
          [
            [-113.6190621, 49.676987],
            [-113.6204698, 49.6770244],
            [-113.6215512, 49.6769314],
            [-113.622873, 49.6772744],
            [-113.6229674, 49.6780422],
            [-113.6226241, 49.678431],
            [-113.6235253, 49.6792085],
            [-113.6245124, 49.6794307],
            [-113.6255853, 49.6790975],
            [-113.6267011, 49.6789864],
            [-113.6271302, 49.6786809],
            [-113.6279799, 49.6786073],
            [-113.6288468, 49.6789031],
            [-113.6293618, 49.6796806],
            [-113.6294477, 49.6804026],
            [-113.6296193, 49.6811523],
            [-113.6302201, 49.6817632],
            [-113.630778, 49.6824574],
            [-113.6308639, 49.6832071],
            [-113.6301686, 49.6841609],
            [-113.6299111, 49.6845496]
          ],
          [
            [-113.6173455, 49.6783477],
            [-113.6184184, 49.6775979],
            [-113.6190621, 49.676987],
            [-113.619826, 49.6763857],
            [-113.6202123, 49.675386],
            [-113.6211564, 49.6748861],
            [-113.6223237, 49.6747097],
            [-113.6235168, 49.6752193],
            [-113.6238687, 49.6760705],
            [-113.623182, 49.6771536],
            [-113.6229674, 49.6780422]
          ],
          [
            [-113.6015956, 49.6641415],
            [-113.6018531, 49.6649887],
            [-113.6041705, 49.6665164],
            [-113.6056211, 49.6683593],
            [-113.607166, 49.6697481],
            [-113.608505, 49.6702383],
            [-113.6129584, 49.6697219]
          ],
          [
            [-114.7046606, 50.1140025],
            [-114.7042629, 50.1142592],
            [-114.703954, 50.1143846],
            [-114.7035073, 50.1148499],
            [-114.7023626, 50.115385],
            [-114.7022177, 50.1157505],
            [-114.7021992, 50.1160461],
            [-114.7021259, 50.1162829],
            [-114.7020315, 50.1164032],
            [-114.7015429, 50.1165571],
            [-114.7014176, 50.116654],
            [-114.7012915, 50.116717],
            [-114.7007214, 50.1168589],
            [-114.7001873, 50.1168663],
            [-114.6997165, 50.1168069],
            [-114.6996316, 50.1167084],
            [-114.6994724, 50.1166305],
            [-114.6993293, 50.1166352],
            [-114.6992537, 50.1166963],
            [-114.6987899, 50.1165546],
            [-114.6986473, 50.1164836],
            [-114.6987029, 50.1163953],
            [-114.6984988, 50.116341],
            [-114.6983828, 50.1162299],
            [-114.6982544, 50.1161727],
            [-114.6980809, 50.1161486],
            [-114.6978723, 50.1162848],
            [-114.6977577, 50.1161954],
            [-114.6975228, 50.1161826],
            [-114.6973811, 50.1161455],
            [-114.6972797, 50.1161616],
            [-114.6972476, 50.1163003],
            [-114.6971316, 50.1163135],
            [-114.6969832, 50.1162898],
            [-114.6967304, 50.11637],
            [-114.6966411, 50.116339],
            [-114.6966525, 50.1161878],
            [-114.6965612, 50.1161555],
            [-114.6963881, 50.1161773],
            [-114.6962642, 50.116235],
            [-114.6961917, 50.1163272],
            [-114.6961081, 50.116376],
            [-114.6959424, 50.1164264],
            [-114.6958841, 50.1164107],
            [-114.6956915, 50.1164525],
            [-114.6952391, 50.1164677],
            [-114.6950486, 50.1164461],
            [-114.694996, 50.1163873],
            [-114.6948187, 50.1164699],
            [-114.6946581, 50.116496],
            [-114.694494, 50.1164409],
            [-114.6938758, 50.1165119],
            [-114.6936984, 50.1165765],
            [-114.6932876, 50.1169927],
            [-114.6931516, 50.1170988],
            [-114.6929661, 50.1171746],
            [-114.6927228, 50.1172225],
            [-114.6924612, 50.1172512],
            [-114.6920615, 50.1172617],
            [-114.6913184, 50.1173606],
            [-114.6910954, 50.1173655],
            [-114.6907491, 50.117416],
            [-114.6896837, 50.1177778],
            [-114.6894786, 50.1178762],
            [-114.6892172, 50.117959],
            [-114.6889749, 50.1179785],
            [-114.6887542, 50.1179172],
            [-114.6885933, 50.1179514],
            [-114.6883611, 50.1180414],
            [-114.6879813, 50.1180846],
            [-114.6872634, 50.1184878],
            [-114.6868644, 50.1186619],
            [-114.6866609, 50.1187103],
            [-114.6864443, 50.118714],
            [-114.6862462, 50.1186706],
            [-114.6860004, 50.1186684],
            [-114.6857983, 50.1187385],
            [-114.6855603, 50.1187527],
            [-114.6851403, 50.1186224],
            [-114.6849414, 50.118602],
            [-114.6847866, 50.1186417],
            [-114.6835404, 50.1191265],
            [-114.6832993, 50.1191082],
            [-114.6831277, 50.119149],
            [-114.6829973, 50.1191511],
            [-114.6825123, 50.1190766],
            [-114.6823668, 50.1190895],
            [-114.6822586, 50.119119],
            [-114.6811729, 50.1192169],
            [-114.6809651, 50.1192072],
            [-114.680685, 50.119164],
            [-114.6804787, 50.1191138],
            [-114.6803342, 50.1190982],
            [-114.6797968, 50.1192607],
            [-114.6790806, 50.1194315],
            [-114.6787021, 50.1195585],
            [-114.6781724, 50.119682],
            [-114.6778369, 50.1197826],
            [-114.6774604, 50.1199704],
            [-114.6772098, 50.1199857],
            [-114.6770546, 50.1199754],
            [-114.6768287, 50.1198779],
            [-114.6764869, 50.1198024],
            [-114.6760125, 50.1198442],
            [-114.6758441, 50.1199121],
            [-114.6757625, 50.1200244],
            [-114.6755689, 50.1200919],
            [-114.6752573, 50.1201063],
            [-114.675161, 50.1201576],
            [-114.6747961, 50.1202564],
            [-114.6743339, 50.1203106],
            [-114.6741282, 50.120363],
            [-114.6738833, 50.1203339],
            [-114.6736668, 50.1203956],
            [-114.6735015, 50.1204959],
            [-114.6733244, 50.1206325],
            [-114.6730521, 50.1207512],
            [-114.6728846, 50.1207073],
            [-114.672834, 50.1205931],
            [-114.6728794, 50.1204964],
            [-114.673095, 50.1203401],
            [-114.6730896, 50.1202522],
            [-114.672778, 50.1201477],
            [-114.67233, 50.1202169],
            [-114.6717906, 50.1200754],
            [-114.6714926, 50.1200616],
            [-114.6710719, 50.120011],
            [-114.6708873, 50.1199421],
            [-114.6703708, 50.1198049],
            [-114.6702388, 50.1197328],
            [-114.6703764, 50.1196456],
            [-114.6702636, 50.1195629],
            [-114.6699822, 50.119498],
            [-114.6697604, 50.1194678],
            [-114.6694845, 50.1194841],
            [-114.6693683, 50.1193811],
            [-114.6693743, 50.1192095],
            [-114.6693042, 50.1191099],
            [-114.6689194, 50.1191151],
            [-114.6687546, 50.1191711],
            [-114.6684703, 50.1193676],
            [-114.6683062, 50.1193815],
            [-114.6681776, 50.1194689],
            [-114.6680734, 50.1195567],
            [-114.6677444, 50.11964],
            [-114.6675161, 50.1195865],
            [-114.667536, 50.1194019],
            [-114.667397, 50.1195327],
            [-114.6671524, 50.1196762],
            [-114.6668099, 50.1195947],
            [-114.6669177, 50.1194578],
            [-114.6667944, 50.1192405],
            [-114.6665437, 50.1191731],
            [-114.6665609, 50.1193707],
            [-114.6663048, 50.1194922],
            [-114.6659057, 50.1194515],
            [-114.6658129, 50.1192942],
            [-114.665998, 50.1191657],
            [-114.6654584, 50.1190788],
            [-114.6656445, 50.1189301],
            [-114.6658751, 50.1188147],
            [-114.6658462, 50.1186399],
            [-114.6655564, 50.1185973],
            [-114.6652939, 50.1184743],
            [-114.6648193, 50.1183064],
            [-114.6645727, 50.1182417],
            [-114.6643391, 50.1180869],
            [-114.6643062, 50.117908],
            [-114.6646136, 50.1179739],
            [-114.6645563, 50.1177809],
            [-114.6642157, 50.117663],
            [-114.6637596, 50.1176291],
            [-114.6636693, 50.1178352],
            [-114.663701, 50.1180371],
            [-114.6634676, 50.1180416],
            [-114.6632498, 50.1179884],
            [-114.663156, 50.1178095],
            [-114.6625485, 50.117532],
            [-114.6622233, 50.1174428],
            [-114.661904, 50.1175266],
            [-114.6617284, 50.1173041],
            [-114.6619336, 50.1171113],
            [-114.6617014, 50.1169281],
            [-114.6612375, 50.1168819],
            [-114.6612578, 50.1167297],
            [-114.6610101, 50.1166057],
            [-114.6608562, 50.1164525],
            [-114.6605542, 50.1163206],
            [-114.6604682, 50.1165646],
            [-114.6601717, 50.1165718],
            [-114.6599507, 50.1163754],
            [-114.6602589, 50.1163441],
            [-114.6601991, 50.1161578],
            [-114.6600075, 50.115962],
            [-114.6597308, 50.1160345],
            [-114.6593752, 50.1161715],
            [-114.6591849, 50.1162094],
            [-114.6588256, 50.1162175],
            [-114.6584207, 50.1161487],
            [-114.6580602, 50.1159709],
            [-114.6577002, 50.1159039],
            [-114.6573103, 50.1159727],
            [-114.657077, 50.115861],
            [-114.6570629, 50.1156366],
            [-114.6568561, 50.1154499],
            [-114.6566174, 50.1153531],
            [-114.6563284, 50.1153794],
            [-114.6562023, 50.1152147],
            [-114.6560121, 50.1150337],
            [-114.6559546, 50.1148016],
            [-114.6558126, 50.1145798],
            [-114.6555921, 50.1143348],
            [-114.6552075, 50.1142983],
            [-114.6551038, 50.1144784],
            [-114.6547677, 50.11452],
            [-114.6546957, 50.114328],
            [-114.6545319, 50.114122],
            [-114.6543256, 50.1141717],
            [-114.6540956, 50.1142762],
            [-114.6531917, 50.113964],
            [-114.6528144, 50.1137035],
            [-114.6526981, 50.1134728],
            [-114.6524469, 50.1134567],
            [-114.6521778, 50.1132985],
            [-114.6518041, 50.1132136],
            [-114.651415, 50.113019],
            [-114.6512611, 50.1127443],
            [-114.6513393, 50.1124475],
            [-114.6513656, 50.1120983],
            [-114.65114, 50.1118693],
            [-114.6509369, 50.1117759],
            [-114.6506167, 50.1115909],
            [-114.6501991, 50.1115023],
            [-114.6498519, 50.1111061],
            [-114.6498674, 50.1108849],
            [-114.6500066, 50.1107197],
            [-114.6500193, 50.11063],
            [-114.6497781, 50.1104144],
            [-114.6493523, 50.1102406],
            [-114.6490361, 50.1102245],
            [-114.6490193, 50.1101012],
            [-114.6489404, 50.1099591],
            [-114.6484919, 50.109901],
            [-114.6480435, 50.1099644],
            [-114.6475423, 50.1100727],
            [-114.6471339, 50.110299],
            [-114.6466789, 50.1104488],
            [-114.6456852, 50.1104169],
            [-114.6453291, 50.1102757],
            [-114.6448906, 50.1102272],
            [-114.6445296, 50.1100602],
            [-114.6441309, 50.1100126],
            [-114.6439387, 50.1099518],
            [-114.6435295, 50.1099067],
            [-114.6432045, 50.1096513],
            [-114.6432782, 50.1094827],
            [-114.6436535, 50.1093732],
            [-114.6436364, 50.1091338],
            [-114.6432752, 50.1091342],
            [-114.6429911, 50.1093092],
            [-114.6427221, 50.10919],
            [-114.6427044, 50.1088804],
            [-114.6429449, 50.1085735],
            [-114.6429061, 50.1083472],
            [-114.6424615, 50.1082135],
            [-114.6422167, 50.1080314],
            [-114.6416621, 50.1079548],
            [-114.6412352, 50.1078445],
            [-114.6406986, 50.1077858],
            [-114.6402273, 50.1078433],
            [-114.6398962, 50.1076256],
            [-114.6399187, 50.1073925],
            [-114.6398426, 50.1072383],
            [-114.6394248, 50.1073199],
            [-114.6389234, 50.1073929],
            [-114.6379479, 50.1073749],
            [-114.6375714, 50.1073048],
            [-114.6373338, 50.1070661],
            [-114.6373546, 50.1067843],
            [-114.6371424, 50.106665],
            [-114.6367561, 50.1067865],
            [-114.6364188, 50.1069332],
            [-114.6359675, 50.1070938],
            [-114.6355213, 50.107114],
            [-114.6351355, 50.1069397],
            [-114.6346778, 50.1067747],
            [-114.6342021, 50.1067565],
            [-114.6338969, 50.1069336],
            [-114.6336463, 50.1071106],
            [-114.633221, 50.107215],
            [-114.6329379, 50.1072466],
            [-114.6328006, 50.1071949],
            [-114.6322929, 50.1069292],
            [-114.6317994, 50.1068079],
            [-114.6312956, 50.1067635],
            [-114.630774, 50.1068212],
            [-114.6302644, 50.106728],
            [-114.6297955, 50.1065775],
            [-114.6293599, 50.1063508],
            [-114.6290375, 50.1061279],
            [-114.6282604, 50.1058871],
            [-114.6282011, 50.1057806],
            [-114.6281394, 50.1056698],
            [-114.6279168, 50.1056691],
            [-114.6277658, 50.1057716],
            [-114.6274294, 50.1059599],
            [-114.6270643, 50.1060763],
            [-114.6266792, 50.1060924],
            [-114.6263095, 50.1060143],
            [-114.6259231, 50.1058116],
            [-114.6253258, 50.1051398],
            [-114.624914, 50.1048191],
            [-114.624737, 50.1045074],
            [-114.6244839, 50.1042859],
            [-114.624133, 50.1042892],
            [-114.6237631, 50.1043367],
            [-114.6222947, 50.1043093],
            [-114.6217721, 50.1042252],
            [-114.6212928, 50.1041137],
            [-114.620752, 50.1040144],
            [-114.6202807, 50.104034],
            [-114.6198065, 50.1039455],
            [-114.6194532, 50.1037124],
            [-114.6197553, 50.103596],
            [-114.6195999, 50.1033955],
            [-114.6195883, 50.1031319],
            [-114.6198303, 50.1030007],
            [-114.6201649, 50.1031078],
            [-114.6205251, 50.103125],
            [-114.6204994, 50.1028921],
            [-114.6203588, 50.1025663],
            [-114.6202903, 50.1022664],
            [-114.6203664, 50.1019736],
            [-114.6203944, 50.1016758],
            [-114.620304, 50.101474],
            [-114.6200856, 50.1015166],
            [-114.6199064, 50.1014898],
            [-114.6196183, 50.1014188],
            [-114.6190566, 50.1016012],
            [-114.6189562, 50.1014735],
            [-114.6192884, 50.1010579],
            [-114.6195745, 50.1005616],
            [-114.6196674, 50.1003084],
            [-114.6196446, 50.1000581],
            [-114.6194855, 50.0997657],
            [-114.6194911, 50.0995362],
            [-114.6196049, 50.0993253],
            [-114.6195044, 50.0991178],
            [-114.6193047, 50.0989609],
            [-114.6190008, 50.0988275],
            [-114.6186853, 50.0986371],
            [-114.6184269, 50.0984371],
            [-114.6181844, 50.0982145],
            [-114.6180365, 50.0979898],
            [-114.6178459, 50.0977791],
            [-114.6175767, 50.0976248],
            [-114.6172615, 50.0974695],
            [-114.6163361, 50.0971363],
            [-114.6160596, 50.0970021],
            [-114.6160585, 50.0968617],
            [-114.616232, 50.0967965],
            [-114.6164447, 50.0967835],
            [-114.6166569, 50.0967003],
            [-114.6168609, 50.0966519],
            [-114.6170517, 50.0965345],
            [-114.6170797, 50.0963595],
            [-114.6169166, 50.0962655],
            [-114.6166059, 50.0963062],
            [-114.6164039, 50.0964355],
            [-114.6160974, 50.0964357],
            [-114.6158631, 50.0962592],
            [-114.6157976, 50.0960242],
            [-114.6158089, 50.0957651],
            [-114.6158472, 50.0955525],
            [-114.6160975, 50.0954215],
            [-114.6164392, 50.0952695],
            [-114.6167013, 50.0951144],
            [-114.6167583, 50.0949375],
            [-114.6166304, 50.0946996],
            [-114.61643, 50.0944752],
            [-114.616099, 50.0942588],
            [-114.6158162, 50.0941258],
            [-114.6154217, 50.0940012],
            [-114.615065, 50.0939166],
            [-114.6146742, 50.0938828],
            [-114.6145359, 50.0938504],
            [-114.6142961, 50.0937259],
            [-114.6139905, 50.0934668],
            [-114.6138341, 50.0932838],
            [-114.6136911, 50.0927621],
            [-114.6135702, 50.0925043],
            [-114.613307, 50.0923177],
            [-114.6128197, 50.0922019],
            [-114.6123431, 50.0921168],
            [-114.6117286, 50.0919084],
            [-114.6115706, 50.0916781],
            [-114.6116029, 50.0915006],
            [-114.6116803, 50.0913952],
            [-114.6118948, 50.091053],
            [-114.6121449, 50.0909261],
            [-114.6124233, 50.09082],
            [-114.6126791, 50.0906647],
            [-114.6127167, 50.0904643],
            [-114.6125674, 50.0903085],
            [-114.6125525, 50.0899895],
            [-114.6124896, 50.0898247],
            [-114.6123708, 50.0896074],
            [-114.6114303, 50.0885177],
            [-114.6109796, 50.0880623],
            [-114.6108194, 50.087832],
            [-114.6105029, 50.0872985],
            [-114.6101467, 50.0868412],
            [-114.6099747, 50.0865566],
            [-114.6098208, 50.0862062],
            [-114.6096713, 50.0859315],
            [-114.6094917, 50.0853497],
            [-114.6095516, 50.0851254],
            [-114.6097614, 50.0850867],
            [-114.6099775, 50.0850076],
            [-114.610557, 50.0846811],
            [-114.6105233, 50.0844818],
            [-114.6103647, 50.084261],
            [-114.6101267, 50.0840763],
            [-114.6098443, 50.0840581],
            [-114.6095693, 50.0843817],
            [-114.6093549, 50.0843069],
            [-114.609046, 50.0841125],
            [-114.6087264, 50.0839611],
            [-114.6081734, 50.0836575],
            [-114.6079554, 50.0834503],
            [-114.6077651, 50.0832355],
            [-114.6075706, 50.0829396],
            [-114.6072752, 50.082081],
            [-114.6072981, 50.0818425],
            [-114.6074101, 50.081626],
            [-114.6074455, 50.0813905],
            [-114.6074996, 50.0812377],
            [-114.6077563, 50.0812243],
            [-114.6082798, 50.0813693],
            [-114.6091903, 50.0815388],
            [-114.6098567, 50.0814761],
            [-114.610094, 50.0813529],
            [-114.6100807, 50.0811649],
            [-114.6099157, 50.0809486],
            [-114.6095095, 50.0806056],
            [-114.6091965, 50.0804098],
            [-114.6088485, 50.0803213],
            [-114.608573, 50.0803302],
            [-114.6082781, 50.0803927],
            [-114.6080604, 50.0802611],
            [-114.6079697, 50.0799707],
            [-114.6079174, 50.0798623],
            [-114.6079325, 50.0796533],
            [-114.608029, 50.0794933],
            [-114.6082583, 50.0792808],
            [-114.6085573, 50.07914],
            [-114.6086709, 50.0789736],
            [-114.6085267, 50.078799],
            [-114.6082034, 50.0786002],
            [-114.6078986, 50.0784492],
            [-114.6074526, 50.0781191],
            [-114.6070411, 50.0778675],
            [-114.6062625, 50.0775051],
            [-114.605828, 50.0773444],
            [-114.6047439, 50.0768443],
            [-114.6042679, 50.0765559],
            [-114.6041097, 50.0764093],
            [-114.6040089, 50.0762491],
            [-114.6038688, 50.0759179],
            [-114.6036104, 50.0754801],
            [-114.6033956, 50.0752527],
            [-114.6031622, 50.0751018],
            [-114.6028684, 50.0749807],
            [-114.6024836, 50.0748738],
            [-114.6020231, 50.074772],
            [-114.6010507, 50.0746659],
            [-114.6008238, 50.0746069],
            [-114.6007746, 50.074516],
            [-114.6007743, 50.0743331],
            [-114.6005151, 50.0739521],
            [-114.6004997, 50.073764],
            [-114.6004788, 50.0729013],
            [-114.6004081, 50.0726963],
            [-114.600157, 50.0721411],
            [-114.6000048, 50.0719252],
            [-114.5997807, 50.0717241],
            [-114.5995522, 50.0716269],
            [-114.5992053, 50.0715493],
            [-114.5989039, 50.07144],
            [-114.5986637, 50.071321],
            [-114.5985541, 50.0711868],
            [-114.5985888, 50.0710146],
            [-114.5989618, 50.0707257],
            [-114.5990221, 50.0705931],
            [-114.5989797, 50.0704061],
            [-114.5988063, 50.0701979],
            [-114.5985778, 50.070098],
            [-114.5982878, 50.0700159],
            [-114.5980129, 50.0699157],
            [-114.5977841, 50.0697843],
            [-114.5976586, 50.0695809],
            [-114.5976942, 50.0693872],
            [-114.5979009, 50.0691642],
            [-114.5981139, 50.0689871],
            [-114.5988235, 50.0682844],
            [-114.5989573, 50.0680492],
            [-114.5989905, 50.0677637],
            [-114.5989624, 50.0675405],
            [-114.5988073, 50.0672948],
            [-114.5986396, 50.0670975],
            [-114.5975159, 50.0661692],
            [-114.5970545, 50.065636],
            [-114.5967368, 50.0651408],
            [-114.5959349, 50.0639803],
            [-114.5953265, 50.0633081],
            [-114.5950837, 50.0631526],
            [-114.5945982, 50.0629361],
            [-114.5942738, 50.0628763],
            [-114.5938138, 50.0628479],
            [-114.593499, 50.0628072],
            [-114.5933047, 50.0626931],
            [-114.5932143, 50.0625052],
            [-114.5932215, 50.0622506],
            [-114.5933488, 50.0617666],
            [-114.5933501, 50.0615426],
            [-114.5932794, 50.0613349],
            [-114.5929307, 50.0608158],
            [-114.5928306, 50.0606075],
            [-114.5926715, 50.060359],
            [-114.5922217, 50.0597558],
            [-114.5920525, 50.0594977],
            [-114.5918267, 50.0590757],
            [-114.591765, 50.0589689],
            [-114.5916689, 50.0587175],
            [-114.5916333, 50.0583767],
            [-114.5916481, 50.0580828],
            [-114.5917036, 50.0578165],
            [-114.5918323, 50.0575543],
            [-114.5918596, 50.057212],
            [-114.5918136, 50.0570053],
            [-114.5916501, 50.0568695],
            [-114.5913511, 50.0567535],
            [-114.5907819, 50.0565883],
            [-114.5906774, 50.0564961],
            [-114.5903792, 50.0561058],
            [-114.5901531, 50.0556119],
            [-114.5899746, 50.0550364],
            [-114.5899223, 50.054694],
            [-114.5899135, 50.0540067],
            [-114.5899395, 50.0538089],
            [-114.5900095, 50.0535484],
            [-114.5900233, 50.0532746],
            [-114.5900006, 50.0529759],
            [-114.5899035, 50.0527475],
            [-114.5896409, 50.0525687],
            [-114.589029, 50.0523715],
            [-114.5887856, 50.0523294],
            [-114.5884641, 50.0523965],
            [-114.5881904, 50.0524253],
            [-114.5879737, 50.0523472],
            [-114.5878443, 50.0521883],
            [-114.5878466, 50.0516485],
            [-114.5878961, 50.0513754],
            [-114.5878777, 50.0511227],
            [-114.5877606, 50.050875],
            [-114.587499, 50.0507152],
            [-114.5870949, 50.0506606],
            [-114.5867807, 50.0507535],
            [-114.5864851, 50.0509021],
            [-114.5863169, 50.0509198],
            [-114.5861805, 50.0508529],
            [-114.5859699, 50.0506972],
            [-114.585848, 50.0506572],
            [-114.5855686, 50.0506724],
            [-114.5853056, 50.0506474],
            [-114.5850704, 50.050555],
            [-114.584944, 50.0504625],
            [-114.5846687, 50.0501097],
            [-114.5845443, 50.0498834],
            [-114.5845253, 50.0495956],
            [-114.584637, 50.0492898],
            [-114.5849075, 50.0488506],
            [-114.5849743, 50.0486629],
            [-114.5849071, 50.0484241],
            [-114.5847814, 50.0482343],
            [-114.5846159, 50.0479843],
            [-114.5843313, 50.0473935],
            [-114.5842091, 50.046923],
            [-114.5840222, 50.0456725],
            [-114.5839465, 50.0453891],
            [-114.5838451, 50.0451632],
            [-114.5835643, 50.0447709],
            [-114.5834021, 50.0446549],
            [-114.5828417, 50.0440241],
            [-114.5824901, 50.0434731],
            [-114.5823214, 50.0429854],
            [-114.582251, 50.0428499],
            [-114.5818432, 50.0428589],
            [-114.5812665, 50.0431209],
            [-114.5808727, 50.0435634],
            [-114.5805071, 50.0436718],
            [-114.5801555, 50.0435815],
            [-114.5799726, 50.0432473],
            [-114.5798179, 50.0426783],
            [-114.5796913, 50.0424254],
            [-114.5793819, 50.0422808],
            [-114.5789319, 50.0423892],
            [-114.5781302, 50.0426963],
            [-114.5774692, 50.0428499],
            [-114.5770051, 50.042886],
            [-114.5767378, 50.0427054],
            [-114.5765409, 50.0422176],
            [-114.5762175, 50.0418834],
            [-114.5758377, 50.0416305],
            [-114.5750923, 50.0415492],
            [-114.5743328, 50.0416215],
            [-114.5736437, 50.0420008],
            [-114.5732499, 50.0423983],
            [-114.5729545, 50.0424344],
            [-114.5722372, 50.0422808],
            [-114.5714918, 50.0419918],
            [-114.5712246, 50.0416757],
            [-114.5712809, 50.0413144],
            [-114.5714496, 50.0410344],
            [-114.5713653, 50.0407272],
            [-114.5708589, 50.0407543],
            [-114.5700995, 50.0406821],
            [-114.5695369, 50.0404201],
            [-114.568679, 50.040104],
            [-114.5683133, 50.0397065],
            [-114.5673991, 50.0393001],
            [-114.567371, 50.039011],
            [-114.5670335, 50.0385052],
            [-114.5668647, 50.038189],
            [-114.5663584, 50.0381709],
            [-114.5658661, 50.0383697],
            [-114.565177, 50.0385593],
            [-114.5646425, 50.0384058],
            [-114.5645581, 50.0380716],
            [-114.5646285, 50.0375928],
            [-114.5646285, 50.0370327],
            [-114.5642768, 50.0368972],
            [-114.5637002, 50.0368701],
            [-114.5630673, 50.0369605],
            [-114.5623782, 50.0372315],
            [-114.5609717, 50.0370508],
            [-114.5602263, 50.0369966],
            [-114.5597622, 50.0369785],
            [-114.5593403, 50.0367346],
            [-114.5591012, 50.0364727],
            [-114.5591996, 50.036292],
            [-114.559495, 50.0362378],
            [-114.5601138, 50.0362197],
            [-114.5602685, 50.0360119],
            [-114.5605076, 50.0355512],
            [-114.5604092, 50.035217],
            [-114.5603951, 50.0349008],
            [-114.5601701, 50.0346388],
            [-114.5597763, 50.0346298],
            [-114.5592981, 50.0348466],
            [-114.5588058, 50.0350634],
            [-114.5583839, 50.0350002],
            [-114.5578776, 50.0347111],
            [-114.5577229, 50.0342504],
            [-114.5577229, 50.0338077],
            [-114.5576526, 50.0332476],
            [-114.5578354, 50.0328681],
            [-114.5580885, 50.032552],
            [-114.5581729, 50.0322809],
            [-114.5580885, 50.0320099],
            [-114.5577791, 50.0318111],
            [-114.5568509, 50.0317027],
            [-114.5560633, 50.031513],
            [-114.5554445, 50.0312691],
            [-114.55446, 50.0310161],
            [-114.5538271, 50.0307902],
            [-114.553602, 50.0305192],
            [-114.5531098, 50.0299771],
            [-114.55273, 50.0299139],
            [-114.5522097, 50.0298958],
            [-114.5516612, 50.029941],
            [-114.5510283, 50.0299771],
            [-114.5504657, 50.0299319],
            [-114.5495796, 50.0297874],
            [-114.5483279, 50.0293628],
            [-114.5475966, 50.0290014],
            [-114.5470481, 50.0286671],
            [-114.546598, 50.0282424],
            [-114.5463448, 50.0278629],
            [-114.5461339, 50.0274112],
            [-114.5458807, 50.0270679],
            [-114.5454588, 50.0267335],
            [-114.5449525, 50.0264986],
            [-114.5439398, 50.0263089],
            [-114.5429553, 50.0261824],
            [-114.5422381, 50.0261011],
            [-114.5419849, 50.0260197],
            [-114.5419005, 50.0258481],
            [-114.5418161, 50.025315],
            [-114.5415489, 50.0245198],
            [-114.5414223, 50.0236434],
            [-114.5416052, 50.0230741],
            [-114.5416755, 50.0226675],
            [-114.5417036, 50.0223151],
            [-114.5416052, 50.0219717],
            [-114.5414223, 50.0218271],
            [-114.5409442, 50.0217458],
            [-114.5404941, 50.0219175],
            [-114.5401987, 50.0219988],
            [-114.5398612, 50.0219084],
            [-114.5395237, 50.0217006],
            [-114.5391017, 50.0212307],
            [-114.5383563, 50.0207247],
            [-114.5373437, 50.0201283],
            [-114.5369218, 50.019812],
            [-114.5365701, 50.0194505],
            [-114.5358951, 50.0188722],
            [-114.5353747, 50.0186282],
            [-114.5344183, 50.0182848],
            [-114.5338839, 50.0183571],
            [-114.5330259, 50.0182667],
            [-114.5322524, 50.0181402],
            [-114.5319149, 50.0179775],
            [-114.5318164, 50.0177787],
            [-114.5319571, 50.0176431],
            [-114.5323649, 50.0173991],
            [-114.5327165, 50.0170738],
            [-114.5327165, 50.0168479],
            [-114.5324493, 50.016649],
            [-114.5320555, 50.0165135],
            [-114.5317461, 50.0162966],
            [-114.5314648, 50.0159441],
            [-114.5313523, 50.0155375],
            [-114.5311273, 50.0150675],
            [-114.5308038, 50.0146247],
            [-114.5300162, 50.013974],
            [-114.5291301, 50.0134226],
            [-114.5284832, 50.0128171],
            [-114.5278784, 50.0121393],
            [-114.5275409, 50.0117506],
            [-114.5267673, 50.0113168],
            [-114.5261485, 50.0110999],
            [-114.5248546, 50.0107383],
            [-114.5236169, 50.010413],
            [-114.5230543, 50.0100605],
            [-114.5226746, 50.0096447],
            [-114.5224636, 50.0091295],
            [-114.5225199, 50.0085239],
            [-114.5227309, 50.0081171],
            [-114.5228153, 50.0078279],
            [-114.5225902, 50.0074573],
            [-114.5224215, 50.0073579],
            [-114.5215213, 50.0072584],
            [-114.5209306, 50.0071319],
            [-114.5208181, 50.0068969],
            [-114.5207619, 50.0065896],
            [-114.5209166, 50.0063907],
            [-114.521226, 50.0062732],
            [-114.5217042, 50.0061647],
            [-114.5220558, 50.0061557],
            [-114.522534, 50.0060382],
            [-114.5228153, 50.0058755],
            [-114.5228434, 50.0056495],
            [-114.5228715, 50.0053783],
            [-114.5226746, 50.0050077],
            [-114.5222386, 50.0047455],
            [-114.5215635, 50.0045286],
            [-114.521015, 50.0042574],
            [-114.5208041, 50.0040043],
            [-114.5208181, 50.0033625],
            [-114.5207619, 50.0020969],
            [-114.5205087, 50.0013556],
            [-114.5203962, 50.0008222],
            [-114.5201149, 50.0003521],
            [-114.5199636, 50.0000795],
            [-114.5197383, 49.9997933],
            [-114.5193614, 49.9994295],
            [-114.5189564, 49.9992252],
            [-114.5188075, 49.9991787],
            [-114.5181933, 49.9990381],
            [-114.5173484, 49.9989106],
            [-114.5165062, 49.9988588],
            [-114.5152751, 49.9987916],
            [-114.5145267, 49.9987002],
            [-114.5135182, 49.998564],
            [-114.5128262, 49.9985244],
            [-114.5122147, 49.9984519],
            [-114.5114556, 49.9983364],
            [-114.5108977, 49.9982312],
            [-114.5101896, 49.9980881],
            [-114.5093796, 49.9978726],
            [-114.5090442, 49.9977381],
            [-114.5083737, 49.9975088],
            [-114.5077997, 49.9973088],
            [-114.5073867, 49.9971881],
            [-114.5070273, 49.9971329],
            [-114.5067859, 49.9970571],
            [-114.5066196, 49.9969226],
            [-114.5065337, 49.996764],
            [-114.506523, 49.996564],
            [-114.5066035, 49.9963191],
            [-114.5066518, 49.9961777],
            [-114.5065981, 49.9958708],
            [-114.5065928, 49.9954363],
            [-114.5065498, 49.9952122],
            [-114.506464, 49.9949846],
            [-114.5063031, 49.9948466],
            [-114.5061261, 49.9947018],
            [-114.505949, 49.9945293],
            [-114.5059061, 49.9943638],
            [-114.506008, 49.9942707],
            [-114.5061797, 49.9942845],
            [-114.5063567, 49.9942362],
            [-114.5064962, 49.9941569],
            [-114.5067644, 49.9940017],
            [-114.5067805, 49.9938189],
            [-114.506641, 49.9935637],
            [-114.5064747, 49.9933499],
            [-114.5062172, 49.9931499],
            [-114.5057613, 49.9929188],
            [-114.5053858, 49.9927119],
            [-114.5049459, 49.992536],
            [-114.5045865, 49.992367],
            [-114.5042163, 49.9922118],
            [-114.5039266, 49.9921187],
            [-114.5036745, 49.992067],
            [-114.5034921, 49.9919808],
            [-114.5033526, 49.9918566],
            [-114.503181, 49.9917118],
            [-114.5028752, 49.9916014],
            [-114.5024729, 49.9914945],
            [-114.5016789, 49.9912979],
            [-114.5008528, 49.9910703],
            [-114.5002574, 49.9907909],
            [-114.4998926, 49.9906771],
            [-114.4996727, 49.9905495],
            [-114.4994205, 49.990284],
            [-114.4990182, 49.9897597],
            [-114.4986159, 49.9894321],
            [-114.4984174, 49.9890803],
            [-114.4980526, 49.9886043],
            [-114.4975108, 49.9883801],
            [-114.4970065, 49.9883043],
            [-114.4966632, 49.9883284],
            [-114.4963092, 49.9884491],
            [-114.4960141, 49.9887561],
            [-114.4959122, 49.9890182],
            [-114.4958126, 49.9891019],
            [-114.4957526, 49.9891519],
            [-114.4955769, 49.9891976],
            [-114.4953395, 49.9891501],
            [-114.4952309, 49.9889535],
            [-114.4947857, 49.9884146],
            [-114.4944879, 49.9880456],
            [-114.4943056, 49.9878145],
            [-114.494099, 49.98763],
            [-114.493863, 49.9874644],
            [-114.4936699, 49.9871764],
            [-114.49334, 49.9866677],
            [-114.4930181, 49.9862141],
            [-114.4928277, 49.9859296],
            [-114.4925541, 49.9856105],
            [-114.4922054, 49.9854225],
            [-114.4918245, 49.9851725],
            [-114.49139, 49.9850017],
            [-114.4907677, 49.9848241],
            [-114.4905853, 49.9847378],
            [-114.4898692, 49.9846913],
            [-114.4893971, 49.984574],
            [-114.4888714, 49.9842377],
            [-114.4885656, 49.9840238],
            [-114.4881338, 49.9837945],
            [-114.4876403, 49.9835892],
            [-114.4872862, 49.9834685],
            [-114.4866532, 49.9831443],
            [-114.4861731, 49.9829839],
            [-114.4854972, 49.9827527],
            [-114.4851217, 49.9826855],
            [-114.4848374, 49.9825492],
            [-114.4846845, 49.982444],
            [-114.484266, 49.9823026],
            [-114.4838423, 49.9821405],
            [-114.4835387, 49.9819873],
            [-114.4833756, 49.9819025],
            [-114.4830295, 49.9816679],
            [-114.4826701, 49.9814023],
            [-114.4823778, 49.9811591],
            [-114.4820613, 49.9808642],
            [-114.4818467, 49.9806434],
            [-114.4816133, 49.9803916],
            [-114.4815087, 49.9801984],
            [-114.4814792, 49.9800656],
            [-114.4812754, 49.9799638],
            [-114.4810662, 49.9797706],
            [-114.4803339, 49.9794084],
            [-114.4800791, 49.9792584],
            [-114.4798404, 49.9790014],
            [-114.4797412, 49.9787909],
            [-114.4796875, 49.9785305],
            [-114.4795561, 49.9782907],
            [-114.4792101, 49.9779733],
            [-114.4790491, 49.9777802],
            [-114.4787702, 49.9775732],
            [-114.4784939, 49.977261],
            [-114.4782794, 49.9771161],
            [-114.4778931, 49.9768746],
            [-114.4776866, 49.9765917],
            [-114.4772494, 49.9762381],
            [-114.4769731, 49.9760501],
            [-114.4765788, 49.975743],
            [-114.476265, 49.9755481],
            [-114.4760934, 49.9754446],
            [-114.4759083, 49.9751893],
            [-114.4756991, 49.9749461],
            [-114.4754791, 49.9746891],
            [-114.4752646, 49.9744269],
            [-114.4751304, 49.9741198],
            [-114.4749025, 49.9737558],
            [-114.4747362, 49.9736178],
            [-114.4744921, 49.9734384],
            [-114.4742346, 49.9732159],
            [-114.4738618, 49.9729209],
            [-114.473556, 49.972795],
            [-114.4731402, 49.972776],
            [-114.4726923, 49.9726828],
            [-114.4715416, 49.9725673],
            [-114.4709086, 49.9725397],
            [-114.4703293, 49.9724965],
            [-114.4697258, 49.9724344],
            [-114.4694898, 49.9722602],
            [-114.4693476, 49.9720946],
            [-114.4692242, 49.971722],
            [-114.4693235, 49.9714373],
            [-114.4694656, 49.9711682],
            [-114.4694978, 49.9709543],
            [-114.4694817, 49.970787],
            [-114.4693476, 49.9705851],
            [-114.4692376, 49.9704178],
            [-114.4690043, 49.9702539],
            [-114.46872, 49.97004],
            [-114.4685027, 49.9698743],
            [-114.4682533, 49.9696138],
            [-114.4679529, 49.9693033],
            [-114.4677892, 49.9690963],
            [-114.4677168, 49.9690118],
            [-114.4673775, 49.9686857],
            [-114.4670329, 49.9683458],
            [-114.4666466, 49.9680301],
            [-114.466247, 49.9676885],
            [-114.4658098, 49.9675056],
            [-114.4657105, 49.9673711],
            [-114.4657427, 49.9670346],
            [-114.4656917, 49.9668449],
            [-114.4655335, 49.966172],
            [-114.4655617, 49.9659373],
            [-114.4656944, 49.9653904],
            [-114.4659171, 49.9648659],
            [-114.4659734, 49.9646157],
            [-114.4658688, 49.9642638],
            [-114.465622, 49.9640757],
            [-114.4650883, 49.96381],
            [-114.4646859, 49.9637358],
            [-114.4640556, 49.9635218],
            [-114.4634333, 49.9633148],
            [-114.4626206, 49.9628731],
            [-114.4620842, 49.9625694],
            [-114.4615397, 49.9622019],
            [-114.461191, 49.9619362],
            [-114.4609067, 49.9615687],
            [-114.4605231, 49.9612391],
            [-114.4601718, 49.9609716],
            [-114.4598284, 49.9606542],
            [-114.4594181, 49.9603108],
            [-114.459005, 49.9600054],
            [-114.4586778, 49.9598017],
            [-114.4582352, 49.9595619],
            [-114.4576156, 49.959203],
            [-114.4572964, 49.9589683],
            [-114.4569638, 49.9586681],
            [-114.4567734, 49.9582953],
            [-114.4567171, 49.9580279],
            [-114.4567493, 49.9577638],
            [-114.4569021, 49.9573721],
            [-114.4570497, 49.9571167],
            [-114.4570658, 49.9568406],
            [-114.4573393, 49.9564455],
            [-114.4574815, 49.9561987],
            [-114.4572938, 49.9559209],
            [-114.4571543, 49.9556879],
            [-114.4569102, 49.9554239],
            [-114.4567198, 49.9552737],
            [-114.4564354, 49.955039],
            [-114.4560814, 49.9547129],
            [-114.4555718, 49.9543815],
            [-114.455207, 49.9541399],
            [-114.4546384, 49.9540191],
            [-114.4539893, 49.9539881],
            [-114.4535601, 49.9538776],
            [-114.4532275, 49.9536291],
            [-114.4527058, 49.9532969],
            [-114.4523142, 49.9531019],
            [-114.451818, 49.9528189],
            [-114.4515552, 49.9526523],
            [-114.4511032, 49.9521872],
            [-114.4509798, 49.9519577],
            [-114.4502556, 49.9512924],
            [-114.4495904, 49.9509334],
            [-114.4488394, 49.9507815],
            [-114.4478846, 49.9506953],
            [-114.4475037, 49.950609],
            [-114.4465274, 49.9504381],
            [-114.4461706, 49.9504864],
            [-114.4460124, 49.9504623],
            [-114.4458514, 49.9503829],
            [-114.4457522, 49.9502914],
            [-114.4455001, 49.9501361],
            [-114.445205, 49.9498634],
            [-114.4449663, 49.9494561],
            [-114.444851, 49.9492093],
            [-114.4446766, 49.9488002],
            [-114.4445694, 49.9483722],
            [-114.4444513, 49.9480805],
            [-114.4443172, 49.9480339],
            [-114.4440463, 49.9479631],
            [-114.4434321, 49.9479545],
            [-114.4426033, 49.9480011],
            [-114.4418764, 49.9479787],
            [-114.44112, 49.947958],
            [-114.4401813, 49.9478492],
            [-114.4391647, 49.9477905],
            [-114.4386578, 49.9478061],
            [-114.4375849, 49.947832],
            [-114.436681, 49.947851],
            [-114.4355772, 49.9479606],
            [-114.435014, 49.9480572],
            [-114.4340189, 49.9481953],
            [-114.4333121, 49.9482531],
            [-114.4326442, 49.9483006],
            [-114.4319925, 49.9483359],
            [-114.431684, 49.9482962],
            [-114.4311556, 49.9481772],
            [-114.4303617, 49.9480132],
            [-114.4299674, 49.947901],
            [-114.4295678, 49.9477647],
            [-114.4290957, 49.9476369],
            [-114.4286209, 49.9476283],
            [-114.4280496, 49.9477042],
            [-114.427823, 49.9477524],
            [-114.426495, 49.9480311],
            [-114.4250298, 49.9479614],
            [-114.4236297, 49.9473112],
            [-114.4227491, 49.9466703],
            [-114.4202158, 49.9478964],
            [-114.4190105, 49.9481983],
            [-114.4178557, 49.9481936],
            [-114.4161235, 49.9481797],
            [-114.4143913, 49.9485652],
            [-114.4128756, 49.948751],
            [-114.4104722, 49.9492943],
            [-114.4089421, 49.9494104],
            [-114.4079028, 49.9486813],
            [-114.4066181, 49.9487417],
            [-114.4057448, 49.9489507],
            [-114.404092, 49.950042],
            [-114.4034496, 49.9499213],
            [-114.4025691, 49.9494058],
            [-114.4005843, 49.9494244],
            [-114.400245, 49.9495451],
            [-114.3996243, 49.9501071],
            [-114.3991913, 49.9498702],
            [-114.3988665, 49.9494476],
            [-114.3961527, 49.949025],
            [-114.3945144, 49.9484955],
            [-114.3940669, 49.9480729],
            [-114.3939442, 49.9475063],
            [-114.3945577, 49.9471208],
            [-114.3945288, 49.9467539],
            [-114.392811, 49.9467028],
            [-114.3924574, 49.9462662],
            [-114.3921903, 49.9451376],
            [-114.3916923, 49.9443248],
            [-114.3913098, 49.9434702],
            [-114.3916923, 49.9429825],
            [-114.3927894, 49.9423647],
            [-114.3929843, 49.9420535],
            [-114.3923153, 49.9410264],
            [-114.3924949, 49.9406199],
            [-114.3924605, 49.9400611],
            [-114.3922487, 49.9392033],
            [-114.3916427, 49.9387705],
            [-114.3907109, 49.9385473],
            [-114.3906911, 49.9379048],
            [-114.392384, 49.9372991],
            [-114.3921489, 49.9359556],
            [-114.3914952, 49.9350502],
            [-114.3914016, 49.9339771],
            [-114.3914383, 49.9330885],
            [-114.392106, 49.9327874],
            [-114.3932167, 49.9326456],
            [-114.3940669, 49.9321181],
            [-114.3938002, 49.9306522],
            [-114.3934553, 49.9292701],
            [-114.3936449, 49.9283088],
            [-114.3946681, 49.9282197],
            [-114.3956217, 49.9276283],
            [-114.3946369, 49.9245501],
            [-114.3934827, 49.9233673],
            [-114.3922243, 49.9209768],
            [-114.3900958, 49.9198686],
            [-114.3881054, 49.9186249],
            [-114.3876419, 49.9175048],
            [-114.3876605, 49.9167201],
            [-114.3893204, 49.9161871],
            [-114.3895202, 49.9149491],
            [-114.3892772, 49.9136104],
            [-114.3895425, 49.912626],
            [-114.3899056, 49.9110754],
            [-114.3898648, 49.9093821],
            [-114.3895062, 49.9083553],
            [-114.3875124, 49.9070903],
            [-114.3869479, 49.9055619],
            [-114.3863908, 49.904057],
            [-114.3855414, 49.9012875],
            [-114.3863779, 49.9006661],
            [-114.3865801, 49.900209],
            [-114.3874352, 49.8985075],
            [-114.3874916, 49.897627],
            [-114.3868482, 49.8968668],
            [-114.384913, 49.8963316],
            [-114.3838848, 49.8955002],
            [-114.3836949, 49.8929612],
            [-114.3831568, 49.8880053],
            [-114.3839064, 49.8849592],
            [-114.3830993, 49.8835833],
            [-114.3822401, 49.8825096],
            [-114.38107, 49.8820086],
            [-114.3792095, 49.8813397],
            [-114.378834, 49.8805701],
            [-114.3793382, 49.879162],
            [-114.3808156, 49.8770846],
            [-114.3803183, 49.8759768],
            [-114.3793237, 49.8741475],
            [-114.37829, 49.8732417],
            [-114.3772303, 49.8708415],
            [-114.3764605, 49.8696065],
            [-114.3747856, 49.8689103],
            [-114.3735411, 49.8689172],
            [-114.3727868, 49.8691067],
            [-114.3713631, 49.8690071],
            [-114.3695026, 49.8680858],
            [-114.3669386, 49.8664781],
            [-114.3623007, 49.8651576],
            [-114.361202, 49.8654505],
            [-114.3606727, 49.8662022],
            [-114.3605563, 49.867185],
            [-114.3605449, 49.8692629],
            [-114.360154, 49.8706016],
            [-114.3595257, 49.8718995],
            [-114.359329, 49.8730604],
            [-114.3593854, 49.8742214],
            [-114.3592253, 49.8745935],
            [-114.3589545, 49.8749657],
            [-114.3583655, 49.8751953],
            [-114.3578713, 49.8750681],
            [-114.3561174, 49.8749054],
            [-114.3553286, 49.8742799],
            [-114.3536391, 49.8741379],
            [-114.3519275, 49.8738996],
            [-114.3501629, 49.872997],
            [-114.3474, 49.8727449],
            [-114.345713, 49.8735603],
            [-114.3431513, 49.8745979],
            [-114.3422997, 49.8754046],
            [-114.3422459, 49.8766469],
            [-114.3417343, 49.8773175],
            [-114.3390449, 49.8782578],
            [-114.3368706, 49.8779214],
            [-114.3354975, 49.8773821],
            [-114.3343247, 49.8779029],
            [-114.3310921, 49.8775019],
            [-114.3299043, 49.8775526],
            [-114.3264849, 49.8767367],
            [-114.3257846, 49.8755936],
            [-114.3225091, 49.874515],
            [-114.3211253, 49.873768],
            [-114.3206208, 49.8726342],
            [-114.3203287, 49.8719736],
            [-114.3196474, 49.8713651],
            [-114.3193612, 49.8703862],
            [-114.3197906, 49.8694258],
            [-114.3217097, 49.8680566],
            [-114.3220882, 49.8671262],
            [-114.3214791, 49.8663277],
            [-114.3199559, 49.8651864],
            [-114.3192475, 49.8638934],
            [-114.3146842, 49.8621966],
            [-114.3103211, 49.8612376],
            [-114.3081568, 49.8607705],
            [-114.3065446, 49.859799],
            [-114.3049623, 49.8585849],
            [-114.3041574, 49.8579073],
            [-114.3010624, 49.8578552],
            [-114.2998873, 49.857105],
            [-114.2981415, 49.8564303],
            [-114.2965346, 49.8556663],
            [-114.2949336, 49.8551783],
            [-114.2928867, 49.8550437],
            [-114.2896841, 49.855272],
            [-114.2873185, 49.8536015],
            [-114.2864256, 49.8534456],
            [-114.2856234, 49.8537987],
            [-114.2852561, 49.8545939],
            [-114.28546, 49.8555138],
            [-114.2849152, 49.8563683],
            [-114.2826836, 49.8570324],
            [-114.2796259, 49.8567834],
            [-114.2782741, 49.8577102],
            [-114.2773114, 49.85854],
            [-114.2757153, 49.8587546],
            [-114.2746155, 49.8576964],
            [-114.2725717, 49.856479],
            [-114.2715098, 49.8565721],
            [-114.2706674, 49.8570566],
            [-114.269981, 49.8580731],
            [-114.268763, 49.8590486],
            [-114.2673122, 49.859446],
            [-114.2658608, 49.8595362],
            [-114.2627709, 49.8605736],
            [-114.2603515, 49.8600238],
            [-114.2589517, 49.8599682],
            [-114.2575943, 49.8602243],
            [-114.2557626, 49.8600408],
            [-114.2543971, 49.859422],
            [-114.2526429, 49.8575857],
            [-114.2520777, 49.8569669],
            [-114.2513661, 49.8561885],
            [-114.2502128, 49.8540165],
            [-114.2504792, 49.8527981],
            [-114.2502324, 49.8520787],
            [-114.2497246, 49.8518306],
            [-114.2484515, 49.8516048],
            [-114.2474537, 49.8517985],
            [-114.2468064, 49.8522733],
            [-114.2462413, 49.853182],
            [-114.2448484, 49.8539301],
            [-114.2427276, 49.8536662],
            [-114.2407982, 49.8531588],
            [-114.2384111, 49.8520243],
            [-114.2387419, 49.8512382],
            [-114.2394249, 49.8504989],
            [-114.2400615, 49.8497924],
            [-114.2398595, 49.8489078],
            [-114.23788, 49.84851],
            [-114.2361956, 49.8488352],
            [-114.2337601, 49.8498383],
            [-114.2327069, 49.8493046],
            [-114.2313891, 49.8490359],
            [-114.2288195, 49.8486242],
            [-114.2277225, 49.8465124],
            [-114.2280801, 49.8459493],
            [-114.2280693, 49.8452851],
            [-114.2278977, 49.844531],
            [-114.2278499, 49.844459],
            [-114.2274301, 49.8438263],
            [-114.2260354, 49.8429753],
            [-114.2236321, 49.8429753],
            [-114.2213799, 49.8432649],
            [-114.2200603, 49.8433618],
            [-114.2188256, 49.8429753],
            [-114.2153924, 49.8417575],
            [-114.2145081, 49.8402759],
            [-114.2141907, 49.8386577],
            [-114.2138644, 49.8373974],
            [-114.212678, 49.836222],
            [-114.2101459, 49.8338],
            [-114.209192, 49.8337852],
            [-114.2083542, 49.8340076],
            [-114.2074646, 49.8353353],
            [-114.2072179, 49.8360895],
            [-114.2066376, 49.8363327],
            [-114.2048253, 49.8365324],
            [-114.2038383, 49.8362141],
            [-114.2031722, 49.8356269],
            [-114.2018534, 49.8346502],
            [-114.2004149, 49.8338484],
            [-114.1994601, 49.8317931],
            [-114.1992731, 49.8298613],
            [-114.1992839, 49.8286986],
            [-114.1992133, 49.8278275],
            [-114.1986831, 49.8275359],
            [-114.1970139, 49.8274122],
            [-114.1944228, 49.8270385],
            [-114.1934472, 49.8262477],
            [-114.1925185, 49.825495],
            [-114.1925596, 49.8249681],
            [-114.1932409, 49.824442],
            [-114.1939722, 49.8238962],
            [-114.1950889, 49.8226736],
            [-114.1961663, 49.8215429],
            [-114.1959687, 49.8204828],
            [-114.1956039, 49.8197836],
            [-114.1946213, 49.81939],
            [-114.1929002, 49.8189807],
            [-114.1915314, 49.8182825],
            [-114.1884415, 49.8165103],
            [-114.1852076, 49.8152079],
            [-114.1828527, 49.8149863],
            [-114.1808241, 49.8145373],
            [-114.1785772, 49.8140413],
            [-114.1767686, 49.8130765],
            [-114.1763179, 49.81182],
            [-114.1772683, 49.8111267],
            [-114.1786622, 49.8107572],
            [-114.1814034, 49.810418],
            [-114.1822894, 49.8100708],
            [-114.1827338, 49.8094591],
            [-114.1815598, 49.8088107],
            [-114.1799765, 49.8084655],
            [-114.1743653, 49.806873],
            [-114.1673272, 49.8055436],
            [-114.1654612, 49.8052985],
            [-114.163615, 49.8054345],
            [-114.1612649, 49.8059615],
            [-114.159779, 49.8061173],
            [-114.1585295, 49.805921],
            [-114.1567481, 49.8051168],
            [-114.1554825, 49.803771],
            [-114.1540062, 49.8016653],
            [-114.1531598, 49.7995365],
            [-114.1520428, 49.798698],
            [-114.1499732, 49.7977324],
            [-114.1467454, 49.7968143],
            [-114.1433911, 49.7964858],
            [-114.1382788, 49.7959803],
            [-114.1340249, 49.7950176],
            [-114.1301318, 49.7945323],
            [-114.1264235, 49.7942073],
            [-114.1193264, 49.7944255],
            [-114.1178259, 49.7943661],
            [-114.1158169, 49.794837],
            [-114.1141229, 49.7950384],
            [-114.1126572, 49.7951348],
            [-114.1120135, 49.7949132],
            [-114.1111498, 49.7941444],
            [-114.1099869, 49.7932827],
            [-114.1086232, 49.791748],
            [-114.1070741, 49.7905711],
            [-114.1061448, 49.7896147],
            [-114.1048478, 49.7869069],
            [-114.10508, 49.7850846],
            [-114.1055092, 49.7842222],
            [-114.1055506, 49.783239],
            [-114.1031258, 49.7801666],
            [-114.1030952, 49.7792447],
            [-114.1024783, 49.7780219],
            [-114.1024392, 49.7756217],
            [-114.1029932, 49.7739098],
            [-114.1027825, 49.7718525],
            [-114.102379, 49.7702201],
            [-114.1014092, 49.7685334],
            [-114.0988546, 49.7671746],
            [-114.0959751, 49.7659243],
            [-114.0951692, 49.7654526],
            [-114.095062, 49.7643715],
            [-114.0948259, 49.7635191],
            [-114.0947144, 49.7626429],
            [-114.0949332, 49.7611558],
            [-114.0951585, 49.760338],
            [-114.0957444, 49.7597667],
            [-114.0998643, 49.7581033],
            [-114.1029542, 49.7554417],
            [-114.1033017, 49.7534623],
            [-114.1027825, 49.7513382],
            [-114.0996926, 49.7486762],
            [-114.0955727, 49.7459032],
            [-114.095916, 49.7425754],
            [-114.0988343, 49.7394692],
            [-114.1000359, 49.7366957],
            [-114.0981476, 49.7351424],
            [-114.097461, 49.7323686],
            [-114.0945428, 49.7289289],
            [-114.0897362, 49.7279302],
            [-114.0851014, 49.7282631],
            [-114.0816682, 49.7261548],
            [-114.0799515, 49.7232695],
            [-114.0790932, 49.7174984],
            [-114.0791521, 49.7145718],
            [-114.0797304, 49.7124997],
            [-114.0811755, 49.7111746],
            [-114.0814856, 49.7095921],
            [-114.0802949, 49.7078414],
            [-114.0808098, 49.7055101],
            [-114.0828696, 49.7016655],
            [-114.086173, 49.7000799],
            [-114.0869423, 49.6978072],
            [-114.0858791, 49.6961382],
            [-114.083773, 49.6948766],
            [-114.0834372, 49.6933039],
            [-114.0858608, 49.6885739],
            [-114.0854467, 49.6866873],
            [-114.0827784, 49.6857877],
            [-114.0808098, 49.6831907],
            [-114.0801585, 49.6802913],
            [-114.0796082, 49.6778592],
            [-114.0799417, 49.6752802],
            [-114.0795029, 49.6735125],
            [-114.077222, 49.6725821],
            [-114.0766716, 49.6717337],
            [-114.0780063, 49.668139],
            [-114.077326, 49.6672022],
            [-114.0747897, 49.6655933],
            [-114.0715401, 49.6627501],
            [-114.0719777, 49.6602466],
            [-114.0739937, 49.6583235],
            [-114.0736879, 49.65611],
            [-114.0720045, 49.6558753],
            [-114.0700337, 49.6569713],
            [-114.0689652, 49.6585276],
            [-114.066047, 49.6581942],
            [-114.066047, 49.6558605],
            [-114.0681069, 49.6547492],
            [-114.0705679, 49.653404],
            [-114.0711194, 49.6524169],
            [-114.0701935, 49.6515952],
            [-114.0670264, 49.6503206],
            [-114.0669437, 49.6492272],
            [-114.0679352, 49.6485254],
            [-114.0701668, 49.6484143],
            [-114.0723984, 49.6498592],
            [-114.0757446, 49.6530775],
            [-114.077546, 49.6531532],
            [-114.0799515, 49.6524154],
            [-114.0810232, 49.6513049],
            [-114.0809815, 49.6499703],
            [-114.0802926, 49.6487958],
            [-114.0785782, 49.6480808],
            [-114.0754936, 49.6488736],
            [-114.0730592, 49.6481018],
            [-114.0717118, 49.6465247],
            [-114.0692311, 49.6415013],
            [-114.0700605, 49.6401819],
            [-114.0699006, 49.6386485],
            [-114.0695616, 49.6365001],
            [-114.0702193, 49.6354315],
            [-114.0701731, 49.6342377],
            [-114.0690327, 49.6324414],
            [-114.0676733, 49.6322469],
            [-114.0663762, 49.632898],
            [-114.063149, 49.632643],
            [-114.0613776, 49.6319884],
            [-114.0606845, 49.6307275],
            [-114.0607703, 49.6293933],
            [-114.0641177, 49.627225],
            [-114.0654052, 49.626391],
            [-114.066006, 49.6251123],
            [-114.0648902, 49.6207197],
            [-114.0605128, 49.6148808],
            [-114.0551913, 49.6126563],
            [-114.0552771, 49.609653],
            [-114.0539897, 49.6077064],
            [-114.0486682, 49.6063715],
            [-114.0484747, 49.6015172],
            [-114.0461248, 49.6001094],
            [-114.0366519, 49.6004196],
            [-114.0236914, 49.603646],
            [-114.0151084, 49.6024222],
            [-114.0055812, 49.5979719],
            [-113.993479, 49.5930762],
            [-113.9641249, 49.5829493],
            [-113.9403498, 49.5847856],
            [-113.9236987, 49.5754919],
            [-113.9138282, 49.5732656],
            [-113.8996661, 49.5732656],
            [-113.8981211, 49.5697033],
            [-113.9023268, 49.56859],
            [-113.9055884, 49.566586],
            [-113.9060176, 49.5653613],
            [-113.9052184, 49.5643937],
            [-113.9014816, 49.5624796],
            [-113.8968696, 49.5598228],
            [-113.8954799, 49.5590208],
            [-113.8868013, 49.5570673],
            [-113.881836, 49.5576769],
            [-113.8805223, 49.5580476],
            [-113.8793957, 49.5585835],
            [-113.8776915, 49.5598838],
            [-113.8766384, 49.5601563],
            [-113.8754904, 49.5602676],
            [-113.8743854, 49.5603929],
            [-113.8732734, 49.5605018],
            [-113.8716817, 49.5603859],
            [-113.8699865, 49.560212],
            [-113.8683558, 49.5599754],
            [-113.8667813, 49.5596005],
            [-113.8655877, 49.5591542],
            [-113.864547, 49.5586392],
            [-113.8623691, 49.5574004],
            [-113.8604379, 49.555897],
            [-113.8593972, 49.5551663],
            [-113.8588393, 49.5549018],
            [-113.8582069, 49.5547037],
            [-113.8554044, 49.5539966],
            [-113.8499027, 49.5536729],
            [-113.8361001, 49.550902],
            [-113.8336528, 49.5524383],
            [-113.8293729, 49.5544541],
            [-113.8251084, 49.5576157],
            [-113.8237565, 49.5577264],
            [-113.8168214, 49.5567207],
            [-113.8046069, 49.5588531],
            [-113.8009679, 49.5580404],
            [-113.7991006, 49.5578628],
            [-113.7965803, 49.5584934],
            [-113.7960831, 49.5598935],
            [-113.795114, 49.5608439],
            [-113.7935986, 49.5610569],
            [-113.790875, 49.5599622],
            [-113.785835, 49.5607709],
            [-113.7836822, 49.5586409],
            [-113.7827541, 49.5584119],
            [-113.7809807, 49.5579707],
            [-113.779307, 49.5576644],
            [-113.7774616, 49.5568849],
            [-113.7754649, 49.5566717],
            [-113.7742193, 49.5555693],
            [-113.7719346, 49.5551267],
            [-113.7695136, 49.5549102],
            [-113.7676511, 49.5555422],
            [-113.7647725, 49.5552032],
            [-113.7634239, 49.5544508],
            [-113.7632598, 49.5534827],
            [-113.7623092, 49.55266],
            [-113.7601409, 49.5520029],
            [-113.7582172, 49.5525876],
            [-113.7571197, 49.5531266],
            [-113.7560683, 49.5533354],
            [-113.7547379, 49.553224],
            [-113.7525417, 49.5535678],
            [-113.7505108, 49.5543794],
            [-113.7494947, 49.5555027],
            [-113.7486364, 49.5563658],
            [-113.7467557, 49.5573304],
            [-113.7448889, 49.5579011],
            [-113.7435758, 49.5593855],
            [-113.7415098, 49.5621308],
            [-113.7394499, 49.565471],
            [-113.7367339, 49.5675855],
            [-113.7353729, 49.5676996],
            [-113.7319107, 49.5671127],
            [-113.729015, 49.5703537],
            [-113.7283321, 49.5735591],
            [-113.7280226, 49.5762216],
            [-113.7272195, 49.5773952],
            [-113.7253735, 49.5787798],
            [-113.7231587, 49.5808099],
            [-113.7198161, 49.5819169],
            [-113.7165288, 49.5826549],
            [-113.7160025, 49.5842613],
            [-113.7161374, 49.5856653],
            [-113.7135369, 49.5879086],
            [-113.7124357, 49.5890668],
            [-113.7110539, 49.5900907],
            [-113.7100421, 49.5926891],
            [-113.7057663, 49.5938525],
            [-113.7041713, 49.5946859],
            [-113.7037896, 49.5967619],
            [-113.7019532, 49.5979974],
            [-113.7004257, 49.5979766],
            [-113.697843, 49.5970921],
            [-113.6961622, 49.597177],
            [-113.6957583, 49.5978226],
            [-113.6954633, 49.5991076],
            [-113.6969556, 49.6012389],
            [-113.6970484, 49.6017896],
            [-113.6965372, 49.602244],
            [-113.6948168, 49.6028048],
            [-113.6946452, 49.6031594],
            [-113.6948383, 49.6034028],
            [-113.6957004, 49.6042813],
            [-113.6969841, 49.6048351],
            [-113.6977818, 49.6055745],
            [-113.6972845, 49.607345],
            [-113.6963629, 49.6087612],
            [-113.6910414, 49.6126544],
            [-113.689615, 49.6143801],
            [-113.6891858, 49.6159928],
            [-113.6895206, 49.6174484],
            [-113.6894433, 49.6199966],
            [-113.6899068, 49.6208682],
            [-113.6900012, 49.6225822],
            [-113.6902669, 49.6229312],
            [-113.6912372, 49.6242044],
            [-113.6927821, 49.6247326],
            [-113.6947648, 49.6245005],
            [-113.6961724, 49.6245102],
            [-113.6969449, 49.624955],
            [-113.6975543, 49.6257515],
            [-113.6972968, 49.6264464],
            [-113.6974599, 49.6272623],
            [-113.6983268, 49.6278364],
            [-113.6993997, 49.6284757],
            [-113.699949, 49.6293472],
            [-113.6996195, 49.6300032],
            [-113.699228, 49.6307829],
            [-113.6978461, 49.6322381],
            [-113.696181, 49.6332846],
            [-113.6941125, 49.6334889],
            [-113.692147, 49.6330622],
            [-113.6901643, 49.6320713],
            [-113.6895291, 49.6311999],
            [-113.6869542, 49.6306995],
            [-113.685538, 49.6311165],
            [-113.6839845, 49.6318767],
            [-113.6828258, 49.6332943],
            [-113.6811521, 49.6346007],
            [-113.6800448, 49.6354248],
            [-113.6774184, 49.6365462],
            [-113.6754529, 49.6374259],
            [-113.6728694, 49.6377691],
            [-113.6712472, 49.6380651],
            [-113.6703803, 49.6391865],
            [-113.6696078, 49.6401037],
            [-113.6696164, 49.6419004],
            [-113.6701314, 49.643012],
            [-113.6739079, 49.6443458],
            [-113.6756246, 49.6450406],
            [-113.67541, 49.6463466],
            [-113.6739423, 49.6472178],
            [-113.6717193, 49.6480416],
            [-113.6670758, 49.6483292],
            [-113.665239, 49.6480139],
            [-113.6626641, 49.6469579],
            [-113.6608531, 49.6456894],
            [-113.6589305, 49.644985],
            [-113.6562697, 49.6449016],
            [-113.6535575, 49.644828],
            [-113.6522786, 49.6442625],
            [-113.6521842, 49.6424103],
            [-113.6514203, 49.6407331],
            [-113.6506907, 49.6401217],
            [-113.6492316, 49.6397049],
            [-113.6461846, 49.6395937],
            [-113.6432235, 49.6393992],
            [-113.6403911, 49.639149],
            [-113.6381166, 49.6395937],
            [-113.6363999, 49.640483],
            [-113.63434, 49.6405664],
            [-113.6313788, 49.6400106],
            [-113.6290099, 49.6390476],
            [-113.6252849, 49.6383708],
            [-113.6214654, 49.6383708],
            [-113.6191051, 49.6386488],
            [-113.6167876, 49.6405664],
            [-113.6164872, 49.6420671],
            [-113.6168735, 49.6431509],
            [-113.6172597, 49.6436511],
            [-113.617088, 49.6445959],
            [-113.6161439, 49.6448183],
            [-113.6150195, 49.6451892],
            [-113.6137836, 49.6462077],
            [-113.6116721, 49.6468009],
            [-113.6104705, 49.6470232],
            [-113.6064794, 49.6478846],
            [-113.6038701, 49.6483473],
            [-113.6036469, 49.6490517],
            [-113.6039559, 49.650209],
            [-113.603398, 49.6513204],
            [-113.604428, 49.6522095],
            [-113.6051061, 49.6533862],
            [-113.6047713, 49.6546267],
            [-113.6035611, 49.655331],
            [-113.601896, 49.6550434],
            [-113.600394, 49.655738],
            [-113.5985486, 49.6568771],
            [-113.5981624, 49.6578772],
            [-113.5970809, 49.6592204],
            [-113.5973041, 49.660933],
            [-113.5977761, 49.6623498],
            [-113.6014051, 49.6640521],
            [-113.6015956, 49.6641415],
            [-113.6031405, 49.6642109],
            [-113.605458, 49.6646554],
            [-113.6076896, 49.6654053],
            [-113.6083247, 49.6664428],
            [-113.6079471, 49.6672664],
            [-113.608711, 49.6683316],
            [-113.6100928, 49.6694328],
            [-113.6129584, 49.6697219],
            [-113.6167569, 49.6700484],
            [-113.6186648, 49.6715649],
            [-113.6171309, 49.6737933],
            [-113.6161439, 49.6754318],
            [-113.6156718, 49.6760428],
            [-113.6153714, 49.6770425],
            [-113.6161439, 49.6782366],
            [-113.6173455, 49.6783477],
            [-113.6185815, 49.6782186],
            [-113.6198775, 49.6776812],
            [-113.6208989, 49.6774132],
            [-113.622195, 49.6776257],
            [-113.6226241, 49.678431],
            [-113.62168, 49.6790697],
            [-113.6201694, 49.6797181],
            [-113.6198647, 49.6801776],
            [-113.6206156, 49.6807983],
            [-113.6220227, 49.6813479],
            [-113.6219886, 49.6838291],
            [-113.6235667, 49.6840752],
            [-113.6271731, 49.6832071],
            [-113.6294477, 49.683929],
            [-113.6299111, 49.6845496],
            [-113.6290716, 49.6850099],
            [-113.6251234, 49.687009],
            [-113.6200153, 49.6881526],
            [-113.6178204, 49.6895167],
            [-113.6158537, 49.6914511],
            [-113.6130368, 49.6937016],
            [-113.6110472, 49.6941162],
            [-113.6084241, 49.6942997],
            [-113.6046216, 49.6937199],
            [-113.6019608, 49.694029],
            [-113.5997175, 49.6948782],
            [-113.5985694, 49.6966086],
            [-113.5981726, 49.698393],
            [-113.5961263, 49.6989952],
            [-113.5916482, 49.6989249],
            [-113.5891712, 49.6981728],
            [-113.5851458, 49.6983935],
            [-113.5825336, 49.6995525],
            [-113.5805853, 49.6998698],
            [-113.5793373, 49.6990436],
            [-113.5793234, 49.6968112],
            [-113.5790717, 49.6957669],
            [-113.5751615, 49.6944643],
            [-113.5644363, 49.6937345],
            [-113.5621664, 49.6934361],
            [-113.5602722, 49.6923276],
            [-113.5592823, 49.6903646],
            [-113.5562694, 49.6893776],
            [-113.553674, 49.6900649],
            [-113.551764, 49.69241],
            [-113.5507239, 49.6946044],
            [-113.5492491, 49.6945603],
            [-113.5430693, 49.6933389],
            [-113.5382627, 49.6941162],
            [-113.5336279, 49.6952266],
            [-113.5319113, 49.6970032],
            [-113.5288214, 49.6982245],
            [-113.5243582, 49.6980025],
            [-113.5229849, 49.6960038],
            [-113.5231565, 49.6943382],
            [-113.5228132, 49.6934499],
            [-113.5210966, 49.6938941],
            [-113.5192083, 49.6956707],
            [-113.5176634, 49.6981135],
            [-113.5202383, 49.7006672],
            [-113.5217832, 49.7032207],
            [-113.5190367, 49.7052191],
            [-113.5157751, 49.7058852],
            [-113.5119985, 49.7058852],
            [-113.5075353, 49.7031097],
            [-113.5054754, 49.7036648],
            [-113.5042738, 49.7071063],
            [-113.5001282, 49.7104723],
            [-113.4972486, 49.7113947],
            [-113.4935541, 49.7122733],
            [-113.4908676, 49.7121651],
            [-113.4897256, 49.7118319],
            [-113.4876226, 49.7105476],
            [-113.4869151, 49.7093224],
            [-113.4872016, 49.7081772],
            [-113.4883093, 49.7065512],
            [-113.488444, 49.7058928],
            [-113.4881506, 49.7052326],
            [-113.4876785, 49.7046785],
            [-113.486648, 49.7044569],
            [-113.4839733, 49.7050768],
            [-113.4813264, 49.7055011],
            [-113.4775686, 49.7076621],
            [-113.4731211, 49.7099114],
            [-113.4696803, 49.71147],
            [-113.4681093, 49.7117129],
            [-113.4668517, 49.7124627],
            [-113.4659231, 49.7131003],
            [-113.4653223, 49.7139629],
            [-113.4649194, 49.7149168],
            [-113.4642558, 49.7162897],
            [-113.4629904, 49.7169445],
            [-113.4619545, 49.7171953],
            [-113.4593613, 49.7181643],
            [-113.4558735, 49.7194806],
            [-113.454907, 49.7202208],
            [-113.4537879, 49.720611],
            [-113.4530488, 49.7204638],
            [-113.4516929, 49.7206001],
            [-113.4482243, 49.7211307],
            [-113.4456751, 49.7216433],
            [-113.4433007, 49.722277],
            [-113.4417397, 49.7229151],
            [-113.4408492, 49.7235637],
            [-113.4403288, 49.7242295],
            [-113.4400821, 49.7251103],
            [-113.4398729, 49.725797],
            [-113.4392989, 49.7262963],
            [-113.4383172, 49.7267437],
            [-113.4368312, 49.7270523],
            [-113.4356618, 49.7270315],
            [-113.4344065, 49.726761],
            [-113.4331137, 49.7260779],
            [-113.4322608, 49.7253462],
            [-113.4301364, 49.7243682],
            [-113.4278244, 49.7237613],
            [-113.4264618, 49.7237162],
            [-113.4249651, 49.7238515],
            [-113.4234846, 49.7240492],
            [-113.4206651, 49.7252431],
            [-113.4178906, 49.7263139],
            [-113.4156311, 49.7275309],
            [-113.4138608, 49.7282521],
            [-113.4115112, 49.7287861],
            [-113.4096873, 49.729119],
            [-113.4079599, 49.7292993],
            [-113.4060073, 49.7292092],
            [-113.4041549, 49.7289979],
            [-113.4030108, 49.7291477],
            [-113.400011, 49.7319279],
            [-113.393505, 49.7332268],
            [-113.3921878, 49.7338127],
            [-113.3908939, 49.7349495],
            [-113.3904105, 49.7356707],
            [-113.3899177, 49.7364067],
            [-113.3897061, 49.7393689],
            [-113.3897061, 49.7421423],
            [-113.3874745, 49.7439172],
            [-113.382668, 49.7438062],
            [-113.3804364, 49.7436953],
            [-113.3820713, 49.7468815],
            [-113.3807797, 49.7489087],
            [-113.376415, 49.7485398],
            [-113.3749817, 49.7504475],
            [-113.3720249, 49.7515706],
            [-113.3668751, 49.7505724],
            [-113.3646435, 49.7505724],
            [-113.3610528, 49.7500987],
            [-113.3576459, 49.7530297],
            [-113.35629, 49.7549156],
            [-113.3539084, 49.7588907],
            [-113.3556604, 49.7626352],
            [-113.3569413, 49.7642472],
            [-113.364489, 49.766339],
            [-113.3586354, 49.7675391],
            [-113.3548588, 49.7670956],
            [-113.3541722, 49.7637692],
            [-113.3515972, 49.763991],
            [-113.349194, 49.7649889],
            [-113.347134, 49.7664303],
            [-113.348679, 49.7686478],
            [-113.347649, 49.7704217],
            [-113.3426709, 49.7690913],
            [-113.3378643, 49.7676499],
            [-113.3358044, 49.7666521],
            [-113.3340878, 49.7662086],
            [-113.3303112, 49.7664303],
            [-113.327908, 49.7673173],
            [-113.3267063, 49.7689804],
            [-113.3275647, 49.7703108],
            [-113.3304437, 49.7720809],
            [-113.331817, 49.7731896],
            [-113.3316453, 49.775185],
            [-113.3301004, 49.7764045],
            [-113.3273538, 49.7774021],
            [-113.3254655, 49.778954],
            [-113.3256372, 49.7802842],
            [-113.3279159, 49.7815893],
            [-113.3304437, 49.7823902],
            [-113.330272, 49.7851611],
            [-113.3292421, 49.7857153],
            [-113.3275255, 49.7858261],
            [-113.3237489, 49.7854936],
            [-113.3210023, 49.7844961],
            [-113.3204873, 49.7831661],
            [-113.3204873, 49.7802842],
            [-113.3210023, 49.7772913],
            [-113.3208307, 49.7760719],
            [-113.3182557, 49.7740765],
            [-113.3161958, 49.774409],
            [-113.3137925, 49.775961],
            [-113.3146508, 49.7785106],
            [-113.3141359, 49.7796191],
            [-113.3131059, 49.7822794],
            [-113.3141359, 49.7841636],
            [-113.3165391, 49.7868236],
            [-113.3177553, 49.7881284],
            [-113.3193287, 49.7891441],
            [-113.321689, 49.7893726],
            [-113.3243498, 49.7899544],
            [-113.3262809, 49.7916238],
            [-113.3260878, 49.7927665],
            [-113.3242639, 49.7941379],
            [-113.3217319, 49.7958831],
            [-113.3167215, 49.798494],
            [-113.3134492, 49.801451],
            [-113.3120759, 49.8040824],
            [-113.3099731, 49.8057442],
            [-113.3078702, 49.806589],
            [-113.3076127, 49.8071013],
            [-113.3079561, 49.8089846],
            [-113.3072694, 49.8103139],
            [-113.3072694, 49.812751],
            [-113.3077844, 49.8140802],
            [-113.310016, 49.8147448],
            [-113.3125077, 49.8151139],
            [-113.3152511, 49.8165072],
            [-113.3124322, 49.8185532],
            [-113.308471, 49.8186215],
            [-113.3060678, 49.8203936],
            [-113.3055528, 49.8220548],
            [-113.3026346, 49.8219441],
            [-113.2990297, 49.8227193],
            [-113.2952531, 49.8249342],
            [-113.2930467, 49.8282314],
            [-113.2929874, 49.828881],
            [-113.2930862, 49.8295306],
            [-113.2933231, 49.8311226],
            [-113.2928788, 49.8318996],
            [-113.2928887, 49.8324154],
            [-113.2945792, 49.8357166],
            [-113.2904593, 49.8368846],
            [-113.2820352, 49.836118],
            [-113.2766149, 49.8359158],
            [-113.2729371, 49.8378894],
            [-113.2684739, 49.8401037],
            [-113.2708772, 49.8411],
            [-113.2724221, 49.8426499],
            [-113.2753404, 49.8441997],
            [-113.2725938, 49.8463029],
            [-113.2700189, 49.8461922],
            [-113.2665857, 49.845196],
            [-113.2636674, 49.8445318],
            [-113.2616075, 49.8461922],
            [-113.2619508, 49.8482954],
            [-113.2605775, 49.851616],
            [-113.2555993, 49.851948],
            [-113.2533677, 49.8522801],
            [-113.2492479, 49.8512839],
            [-113.2444413, 49.851616],
            [-113.2404931, 49.8513946],
            [-113.230424, 49.8495842],
            [-113.2263525, 49.8484891],
            [-113.2242926, 49.8476728],
            [-113.2226404, 49.8459709],
            [-113.2224687, 49.8430927],
            [-113.2241853, 49.8398822],
            [-113.223327, 49.8364502],
            [-113.2162889, 49.8279242],
            [-113.2097014, 49.8217226],
            [-113.2039293, 49.8168493],
            [-113.1972345, 49.8105355],
            [-113.1931146, 49.8057719],
            [-113.1889947, 49.8026698],
            [-113.1872781, 49.8012294],
            [-113.1841882, 49.7964649],
            [-113.1841882, 49.7953568],
            [-113.1843599, 49.7920324],
            [-113.1835141, 49.7890056],
            [-113.1793356, 49.7867361],
            [-113.1757483, 49.786622],
            [-113.1730302, 49.7872669],
            [-113.168567, 49.789151],
            [-113.1642755, 49.7921432],
            [-113.1602327, 49.7952957],
            [-113.1582673, 49.7967973],
            [-113.1520875, 49.7979054],
            [-113.1486543, 49.7979054],
            [-113.1390948, 49.7966979],
            [-113.1321748, 49.7940271],
            [-113.1239981, 49.791214],
            [-113.1193002, 49.7899268],
            [-113.1162961, 49.7892064],
            [-113.1114393, 49.7887201],
            [-113.1084855, 49.7875994],
            [-113.1074764, 49.7869953],
            [-113.1067689, 49.7861586],
            [-113.1069406, 49.7846624],
            [-113.108743, 49.7827227],
            [-113.1126054, 49.7809493],
            [-113.1127771, 49.7788432],
            [-113.1103738, 49.777513],
            [-113.1081422, 49.7781781],
            [-113.1069406, 49.7785106],
            [-113.1043657, 49.7791757],
            [-113.0997308, 49.7813926],
            [-113.0962976, 49.7830552],
            [-113.0926927, 49.7830552],
            [-113.0914911, 49.7834986],
            [-113.0858262, 49.7827227],
            [-113.0835946, 49.7820577],
            [-113.0803331, 49.7801733],
            [-113.0786165, 49.7792866],
            [-113.0755266, 49.7788432],
            [-113.071235, 49.7787323],
            [-113.0674585, 49.7787323],
            [-113.0638536, 49.7787323],
            [-113.0624803, 49.7796191],
            [-113.0593904, 49.7819468],
            [-113.0547555, 49.7828336],
            [-113.0506357, 49.7816143],
            [-113.0492624, 49.780395],
            [-113.0492624, 49.7780672],
            [-113.0501207, 49.7764045],
            [-113.0497773, 49.7746308],
            [-113.0475457, 49.772857],
            [-113.0456575, 49.7718592],
            [-113.0434259, 49.7717484],
            [-113.0384477, 49.7709723],
            [-113.0362388, 49.7703],
            [-113.0344363, 49.7691636],
            [-113.0334695, 49.7689767],
            [-113.0293496, 49.7688658],
            [-113.0272897, 49.7694201],
            [-113.0233415, 49.7713049],
            [-113.0200799, 49.7716375],
            [-113.0183633, 49.7705288],
            [-113.0181917, 49.7684223],
            [-113.0199083, 49.765983],
            [-113.0235132, 49.7648742],
            [-113.0266031, 49.7638763],
            [-113.0288667, 49.762455],
            [-113.0286114, 49.7589518],
            [-113.0303373, 49.7558295],
            [-113.0327768, 49.7537482],
            [-113.0330434, 49.7521386],
            [-113.0321258, 49.751471],
            [-113.029178, 49.7505686],
            [-113.0250581, 49.7499031],
            [-113.0209382, 49.7494594],
            [-113.0152734, 49.7489048],
            [-113.0106385, 49.7497922],
            [-113.0042871, 49.7503467],
            [-113.0011972, 49.7502358],
            [-112.9980022, 49.749315],
            [-112.9929574, 49.747241],
            [-112.9905542, 49.7432477],
            [-112.9886659, 49.7425821],
            [-112.985576, 49.7418056],
            [-112.9826577, 49.7405853],
            [-112.9812845, 49.7390322],
            [-112.9802545, 49.7379228],
            [-112.9793962, 49.7371462],
            [-112.975963, 49.7358148],
            [-112.9735597, 49.7358148],
            [-112.9694398, 49.7359258],
            [-112.9678949, 49.7342616],
            [-112.9677232, 49.7311549],
            [-112.9694398, 49.7286028],
            [-112.9702373, 49.7282307],
            [-112.9730429, 49.7268027],
            [-112.9778761, 49.7252966],
            [-112.9833598, 49.7242168],
            [-112.9862951, 49.7229852],
            [-112.9891809, 49.7206127],
            [-112.9911741, 49.7172766],
            [-112.9917355, 49.7149277],
            [-112.9910816, 49.7126364],
            [-112.9888385, 49.7107746],
            [-112.9851457, 49.7093921],
            [-112.9807807, 49.7089486],
            [-112.975448, 49.7084032],
            [-112.9718431, 49.7069601],
            [-112.9721864, 49.7044067],
            [-112.9745897, 49.7022973],
            [-112.9783662, 49.7014091],
            [-112.9821428, 49.7001878],
            [-112.9835161, 49.6988554],
            [-112.9838594, 49.6967458],
            [-112.9833444, 49.6947471],
            [-112.9817994, 49.6925262],
            [-112.9811128, 49.6890837],
            [-112.9812845, 49.6867515],
            [-112.9867776, 49.6836418],
            [-112.9903825, 49.6803097],
            [-112.990236, 49.6773644],
            [-112.9890092, 49.6764219],
            [-112.9877437, 49.6752059],
            [-112.9850916, 49.6742332],
            [-112.9804261, 49.6732004],
            [-112.974418, 49.6707564],
            [-112.9706414, 49.6689788],
            [-112.9670167, 49.6694493],
            [-112.9658349, 49.6698676],
            [-112.9646563, 49.6705255],
            [-112.9634343, 49.6714789],
            [-112.9620742, 49.6720058],
            [-112.9612585, 49.6723218],
            [-112.9584679, 49.672278],
            [-112.9568844, 49.6719205],
            [-112.9529008, 49.67042],
            [-112.9516669, 49.6693486],
            [-112.9506112, 49.6684015],
            [-112.9498704, 49.6674234],
            [-112.9496675, 49.665501],
            [-112.9494723, 49.6636542],
            [-112.9491418, 49.6619688],
            [-112.9483597, 49.6604666],
            [-112.9468663, 49.6593122],
            [-112.946053, 49.6586768],
            [-112.9441272, 49.658233],
            [-112.9426606, 49.6581454],
            [-112.9403817, 49.6581386],
            [-112.93794, 49.6582009],
            [-112.9361632, 49.6581893],
            [-112.9348929, 49.657883],
            [-112.9334101, 49.6572204],
            [-112.9322858, 49.6565828],
            [-112.9314028, 49.6555493],
            [-112.931267, 49.6547885],
            [-112.9312182, 49.6545151],
            [-112.9312452, 49.6533668],
            [-112.9327901, 49.6510329],
            [-112.9357084, 49.648421],
            [-112.9359717, 49.6472828],
            [-112.935681, 49.6464179],
            [-112.9349589, 49.6452633],
            [-112.9328759, 49.6433636],
            [-112.929786, 49.6424187],
            [-112.9250058, 49.6410039],
            [-112.9237291, 49.640751],
            [-112.9227431, 49.6402903],
            [-112.9211219, 49.6388848],
            [-112.9203344, 49.6381705],
            [-112.9188987, 49.6361931],
            [-112.9196606, 49.6346377],
            [-112.9218896, 49.6333027],
            [-112.9254945, 49.6315238],
            [-112.9256484, 49.6307528],
            [-112.9252053, 49.6297674],
            [-112.9244897, 49.6285429],
            [-112.9230403, 49.6270043],
            [-112.9216455, 49.6257867],
            [-112.9192787, 49.6240485],
            [-112.9166437, 49.6227794],
            [-112.9142651, 49.6224583],
            [-112.9128929, 49.6230351],
            [-112.9120507, 49.6240047],
            [-112.9107085, 49.6245503],
            [-112.9095348, 49.6249833],
            [-112.9077388, 49.6248234],
            [-112.9062239, 49.6241402],
            [-112.9055254, 49.6231672],
            [-112.90496, 49.6222915],
            [-112.9045518, 49.6202928],
            [-112.9034925, 49.619048],
            [-112.9012351, 49.6188534],
            [-112.8992739, 49.619397],
            [-112.8978083, 49.6202936],
            [-112.8960788, 49.6217449],
            [-112.8953169, 49.623334],
            [-112.8948063, 49.6249006],
            [-112.8944238, 49.6256306],
            [-112.8935896, 49.6263065],
            [-112.8911552, 49.6268757],
            [-112.8892981, 49.627014],
            [-112.88653, 49.6276173],
            [-112.8861232, 49.6277444],
            [-112.8853347, 49.6279907],
            [-112.8851149, 49.6280593],
            [-112.8835762, 49.628241],
            [-112.8813341, 49.628611],
            [-112.8793664, 49.6288883],
            [-112.878116, 49.6294112],
            [-112.8782452, 49.6304088],
            [-112.8789458, 49.632201],
            [-112.878743, 49.6335547],
            [-112.8779443, 49.6345813],
            [-112.8759289, 49.6358418],
            [-112.8746022, 49.6361576],
            [-112.8726367, 49.6358818],
            [-112.8680738, 49.635026],
            [-112.8646614, 49.6346821],
            [-112.8631884, 49.634376],
            [-112.8617502, 49.6343062],
            [-112.8601805, 49.6343958],
            [-112.8587391, 49.6350625],
            [-112.8563557, 49.6374465],
            [-112.855263, 49.6390564],
            [-112.8549626, 49.63964],
            [-112.8544487, 49.6408239],
            [-112.8532251, 49.6431968],
            [-112.8525384, 49.6451977],
            [-112.8511034, 49.6464252],
            [-112.8489335, 49.6470872],
            [-112.8469186, 49.6471762],
            [-112.8453286, 49.6468649],
            [-112.8431871, 49.6461519],
            [-112.8418305, 49.645584],
            [-112.8403733, 49.6448085],
            [-112.8383152, 49.6437131],
            [-112.8364864, 49.6427067],
            [-112.8353964, 49.6423371],
            [-112.8344359, 49.6421548],
            [-112.8333225, 49.6422723],
            [-112.8315375, 49.6426697],
            [-112.8300508, 49.6431968],
            [-112.8290546, 49.6439034],
            [-112.8277716, 49.6455125],
            [-112.8266611, 49.6472214],
            [-112.8259316, 49.6481731],
            [-112.825933, 49.6499708],
            [-112.8257432, 49.6509639],
            [-112.8255882, 49.6517749],
            [-112.8256043, 49.6534905],
            [-112.8261891, 49.6540393],
            [-112.8279754, 49.6554666],
            [-112.8297349, 49.6572481],
            [-112.8313067, 49.6587275],
            [-112.8342625, 49.6595192],
            [-112.8373953, 49.6609117],
            [-112.8383734, 49.6616956],
            [-112.8396698, 49.6627347],
            [-112.8421804, 49.6651514],
            [-112.8444442, 49.6666062],
            [-112.8469547, 49.6681582],
            [-112.847915, 49.6689949],
            [-112.8484408, 49.6695585],
            [-112.8488163, 49.6701835],
            [-112.8492556, 49.6710514],
            [-112.8496081, 49.6717763],
            [-112.8502202, 49.6725262],
            [-112.8509723, 49.6732663],
            [-112.8518198, 49.67403],
            [-112.85258, 49.6748868],
            [-112.8531379, 49.6756713],
            [-112.8537601, 49.676442],
            [-112.8542446, 49.6770849],
            [-112.8546093, 49.6779943],
            [-112.8547703, 49.6790079],
            [-112.8549296, 49.6802603],
            [-112.8552852, 49.6810347],
            [-112.8555889, 49.6822513],
            [-112.8557402, 49.6827764],
            [-112.856047, 49.6833949],
            [-112.8562707, 49.6844393],
            [-112.8564547, 49.6858244],
            [-112.8570126, 49.6871016],
            [-112.8576134, 49.6876777],
            [-112.8583752, 49.6883857],
            [-112.858773, 49.6887301],
            [-112.8590082, 49.6889341],
            [-112.8603798, 49.6897493],
            [-112.8617639, 49.6906377],
            [-112.8630851, 49.6911412],
            [-112.8646193, 49.6916756],
            [-112.8660017, 49.6921923],
            [-112.8670317, 49.6925394],
            [-112.8680418, 49.6930845],
            [-112.8687499, 49.6937369],
            [-112.8693062, 49.6945659],
            [-112.8694151, 49.6952707],
            [-112.8693078, 49.6960896],
            [-112.8689109, 49.6969293],
            [-112.8685783, 49.6976788],
            [-112.8682886, 49.6990528],
            [-112.8675145, 49.7008463],
            [-112.8669153, 49.7017383],
            [-112.865939, 49.7026126],
            [-112.8652202, 49.7032649],
            [-112.8643189, 49.7046179],
            [-112.8635143, 49.7059293],
            [-112.8631924, 49.7068937],
            [-112.8631388, 49.7079067],
            [-112.8639096, 49.7089436],
            [-112.8644031, 49.7099912],
            [-112.865145, 49.7109872],
            [-112.8659068, 49.7116116],
            [-112.8671835, 49.7122984],
            [-112.8684908, 49.7129398],
            [-112.8696603, 49.7133213],
            [-112.8706366, 49.7136404],
            [-112.8713125, 49.7138486],
            [-112.8716896, 49.7140952],
            [-112.8720973, 49.7144351],
            [-112.872505, 49.7150178],
            [-112.8722797, 49.7155589],
            [-112.8715502, 49.7162387],
            [-112.8705631, 49.7168978],
            [-112.8694366, 49.7173417],
            [-112.868008, 49.7177472],
            [-112.8665934, 49.7181603],
            [-112.8649948, 49.718958],
            [-112.8642527, 49.7192483],
            [-112.8611215, 49.7218335],
            [-112.8587182, 49.7238311],
            [-112.8567165, 49.7260858],
            [-112.8561248, 49.7272808],
            [-112.8552979, 49.7292415],
            [-112.8551544, 49.7302055],
            [-112.8555202, 49.7308735],
            [-112.8571733, 49.7325973],
            [-112.8578521, 49.7336477],
            [-112.8589253, 49.7348538],
            [-112.8600679, 49.7355406],
            [-112.8615356, 49.7365794],
            [-112.8628196, 49.7374061],
            [-112.8649093, 49.7378984],
            [-112.8671825, 49.7380988],
            [-112.8681427, 49.7382992],
            [-112.8688736, 49.7386627],
            [-112.8692164, 49.7389931],
            [-112.8694326, 49.7396282],
            [-112.8691896, 49.7402525],
            [-112.8687019, 49.74153],
            [-112.8673136, 49.7423676],
            [-112.8654854, 49.7428806],
            [-112.8627539, 49.7426463],
            [-112.8592568, 49.7419232],
            [-112.8571301, 49.7417828],
            [-112.856352, 49.7418566],
            [-112.8554902, 49.7423879],
            [-112.854255, 49.7433587],
            [-112.8530534, 49.7453553],
            [-112.8517799, 49.7468303],
            [-112.8512504, 49.7475376],
            [-112.8510396, 49.7483837],
            [-112.8508411, 49.7492127],
            [-112.8507327, 49.7502683],
            [-112.8509857, 49.7511984],
            [-112.8512925, 49.7524711],
            [-112.8518518, 49.7535631],
            [-112.8525955, 49.7542851],
            [-112.853096, 49.7552077],
            [-112.8529614, 49.7559283],
            [-112.8522986, 49.7565996],
            [-112.8512356, 49.7574808],
            [-112.8496936, 49.7588612],
            [-112.8473886, 49.7597735],
            [-112.8448137, 49.7615477],
            [-112.843634, 49.7629765],
            [-112.8416384, 49.7648784],
            [-112.8407447, 49.7653913],
            [-112.8392282, 49.7659574],
            [-112.8388237, 49.7670478],
            [-112.838541, 49.7677834],
            [-112.8389772, 49.770418],
            [-112.8393325, 49.7709429],
            [-112.8405438, 49.7717279],
            [-112.843612, 49.7737439],
            [-112.844127, 49.7740765],
            [-112.8463125, 49.7755561],
            [-112.8465962, 49.7762916],
            [-112.8463897, 49.7770346],
            [-112.8455301, 49.7790556],
            [-112.8444089, 49.7810191],
            [-112.8428269, 49.7824398],
            [-112.8389772, 49.7842745],
            [-112.8365739, 49.7864911],
            [-112.8335663, 49.7889022],
            [-112.8322469, 49.789524],
            [-112.831199, 49.7899588],
            [-112.8301028, 49.7903622],
            [-112.8288505, 49.7904859],
            [-112.8269237, 49.7903344],
            [-112.8242837, 49.7903862],
            [-112.8221133, 49.7907025],
            [-112.8189984, 49.791092],
            [-112.8170954, 49.7909007],
            [-112.8152187, 49.7903296],
            [-112.8138717, 49.7901465],
            [-112.8124378, 49.7899583],
            [-112.8106383, 49.7899805],
            [-112.8087368, 49.7900631],
            [-112.8051397, 49.7901493],
            [-112.8040386, 49.7900724],
            [-112.8035114, 49.790176],
            [-112.8022942, 49.7909897],
            [-112.801342, 49.7916892],
            [-112.8006543, 49.7923913],
            [-112.8000926, 49.7932266],
            [-112.7998099, 49.7944447],
            [-112.7999864, 49.7951612],
            [-112.8004046, 49.7962712],
            [-112.8005314, 49.797663],
            [-112.800625, 49.7986902],
            [-112.8003534, 49.800343],
            [-112.8001817, 49.8034453],
            [-112.7989487, 49.8059777],
            [-112.7984616, 49.806443],
            [-112.798093, 49.8067925],
            [-112.7972152, 49.8071526],
            [-112.79629, 49.8074136],
            [-112.7947899, 49.8074268],
            [-112.793596, 49.8071458],
            [-112.7927831, 49.8069161],
            [-112.7890237, 49.8057719],
            [-112.7830444, 49.8051667],
            [-112.7800243, 49.8051942],
            [-112.7774349, 49.8059213],
            [-112.7751515, 49.8076396],
            [-112.7741772, 49.8094696],
            [-112.7742438, 49.8103938],
            [-112.7743265, 49.8115429],
            [-112.775587, 49.8128372],
            [-112.7795635, 49.8141349],
            [-112.7879937, 49.814634],
            [-112.7924569, 49.8144125],
            [-112.7955468, 49.814634],
            [-112.7972635, 49.8155202],
            [-112.7984651, 49.8177354],
            [-112.7986367, 49.8213903],
            [-112.7974566, 49.8233423],
            [-112.7943023, 49.8253357],
            [-112.7912768, 49.82636],
            [-112.7876504, 49.8272598],
            [-112.7832087, 49.8273151],
            [-112.7814277, 49.8268307],
            [-112.7781661, 49.8261939],
            [-112.7643474, 49.8251696],
            [-112.7606567, 49.8253357],
            [-112.7576226, 49.8260239],
            [-112.7551501, 49.8269049],
            [-112.7526744, 49.8284087],
            [-112.7519449, 49.8299174],
            [-112.7516015, 49.8313569],
            [-112.7517732, 49.83335],
            [-112.7526315, 49.8346787],
            [-112.7534898, 49.8356751],
            [-112.7550348, 49.8375573],
            [-112.7565797, 49.8396608],
            [-112.7581247, 49.8412107],
            [-112.7603563, 49.8448639],
            [-112.7605279, 49.846635],
            [-112.758983, 49.8489595],
            [-112.7570947, 49.8497343],
            [-112.7524598, 49.8506198],
            [-112.7490266, 49.8502878],
            [-112.7449067, 49.8491809],
            [-112.7375253, 49.846635],
            [-112.7337487, 49.8443104],
            [-112.7310022, 49.8407679],
            [-112.7282556, 49.836893],
            [-112.7263673, 49.8346787],
            [-112.7243074, 49.8332393],
            [-112.7207025, 49.8317998],
            [-112.7165826, 49.8313569],
            [-112.7134927, 49.8295852],
            [-112.7111574, 49.8284558],
            [-112.7096068, 49.8282289],
            [-112.7083019, 49.8285303],
            [-112.7069785, 49.8291793],
            [-112.7061937, 49.8300239],
            [-112.7055318, 49.8315238],
            [-112.7062335, 49.8336503],
            [-112.7070546, 49.8350692],
            [-112.7086979, 49.8362722],
            [-112.7105534, 49.8379017],
            [-112.7108428, 49.8390105],
            [-112.7102621, 49.8404408],
            [-112.7102371, 49.8419309],
            [-112.7093769, 49.8435627],
            [-112.7076024, 49.8464323],
            [-112.705905, 49.8487182],
            [-112.7042501, 49.8502928],
            [-112.7017044, 49.8518261],
            [-112.6984353, 49.852647],
            [-112.6939242, 49.8530555],
            [-112.6917651, 49.8527963],
            [-112.6873848, 49.8518775],
            [-112.6856722, 49.8514025],
            [-112.6821161, 49.8496433],
            [-112.6799857, 49.8481673],
            [-112.6779588, 49.846635],
            [-112.6746972, 49.8439783],
            [-112.6712871, 49.8413624],
            [-112.6668008, 49.8388859],
            [-112.6621524, 49.8372698],
            [-112.6587327, 49.8371144],
            [-112.6561578, 49.8381109],
            [-112.6530679, 49.8404358],
            [-112.6511796, 49.841875],
            [-112.6479181, 49.8433141],
            [-112.6448282, 49.8454174],
            [-112.6413949, 49.8491809],
            [-112.639335, 49.8508412],
            [-112.6352151, 49.8520587],
            [-112.632323, 49.8533868],
            [-112.6296929, 49.8543492],
            [-112.6271703, 49.8550695],
            [-112.6231988, 49.8567071],
            [-112.619422, 49.8584235],
            [-112.6146624, 49.8606746],
            [-112.6121699, 49.8614817],
            [-112.6102988, 49.8621575],
            [-112.606376, 49.8633468],
            [-112.6031405, 49.8640142],
            [-112.5981363, 49.8634575],
            [-112.5958294, 49.8632182],
            [-112.5901385, 49.8619577],
            [-112.5846644, 49.859986],
            [-112.5801118, 49.8590311],
            [-112.5765069, 49.8580351],
            [-112.5741221, 49.8578655],
            [-112.5719022, 49.8584468],
            [-112.5678029, 49.8595337],
            [-112.5635119, 49.8602661],
            [-112.559624, 49.861334],
            [-112.5574525, 49.8621296],
            [-112.5525561, 49.8633666],
            [-112.5462945, 49.8641214],
            [-112.5423467, 49.8642524],
            [-112.5351058, 49.8638595],
            [-112.5310578, 49.8636784],
            [-112.5280693, 49.8633471],
            [-112.5248065, 49.8633477],
            [-112.5229557, 49.8638998],
            [-112.5215753, 49.864564],
            [-112.5195708, 49.8661665],
            [-112.5184624, 49.8679043],
            [-112.5181201, 49.8692089],
            [-112.5185865, 49.8704181],
            [-112.5192988, 49.872483],
            [-112.5188757, 49.8734098],
            [-112.5183137, 49.8740792],
            [-112.5169404, 49.8750749],
            [-112.5145687, 49.8763609],
            [-112.5104173, 49.877398],
            [-112.5080341, 49.8778407],
            [-112.50545, 49.878836],
            [-112.5027059, 49.8801529],
            [-112.5002507, 49.8817522],
            [-112.4979357, 49.8818749],
            [-112.4956367, 49.8815513],
            [-112.4935893, 49.8809493],
            [-112.4916155, 49.8799019],
            [-112.4869786, 49.8764624],
            [-112.4844316, 49.8752296],
            [-112.4823887, 49.8744152],
            [-112.4797131, 49.8745666],
            [-112.477651, 49.8754509],
            [-112.475549, 49.8765113],
            [-112.475415, 49.8774481],
            [-112.4759727, 49.8802963],
            [-112.4754364, 49.8844856],
            [-112.4737193, 49.8872627],
            [-112.4727079, 49.8877355],
            [-112.4722277, 49.8879599],
            [-112.470613, 49.8881994],
            [-112.4690469, 49.8880166],
            [-112.4662899, 49.8872066],
            [-112.4628671, 49.885141],
            [-112.4615402, 49.8841435],
            [-112.4608072, 49.8835925],
            [-112.4596055, 49.8806059],
            [-112.4591556, 49.8768428],
            [-112.4599489, 49.8755174],
            [-112.4607808, 49.8727897],
            [-112.4619445, 49.8695973],
            [-112.4618371, 49.8681048],
            [-112.4611846, 49.8668397],
            [-112.4599489, 49.8660025],
            [-112.4571115, 49.8647611],
            [-112.4548421, 49.8640226],
            [-112.4516717, 49.8638619],
            [-112.4470742, 49.8643427],
            [-112.443652, 49.8649059],
            [-112.4431011, 49.8650396],
            [-112.4409981, 49.8656967],
            [-112.4384638, 49.8668051],
            [-112.4364907, 49.8678538],
            [-112.4346828, 49.8682696],
            [-112.4321765, 49.8689485],
            [-112.429404, 49.8692613],
            [-112.4261721, 49.8692865],
            [-112.4237551, 49.8688611],
            [-112.4208101, 49.8676622],
            [-112.4185785, 49.8647853],
            [-112.4187501, 49.8635681],
            [-112.4201234, 49.861355],
            [-112.421325, 49.8596951],
            [-112.42287, 49.8575924],
            [-112.4226983, 49.8556004],
            [-112.4221833, 49.8526121],
            [-112.42184, 49.8506198],
            [-112.4206384, 49.8471885],
            [-112.4178918, 49.8450853],
            [-112.4151452, 49.842982],
            [-112.411712, 49.8415429],
            [-112.4069055, 49.8411],
            [-112.401069, 49.8412107],
            [-112.3955758, 49.8417643],
            [-112.389911, 49.8424285],
            [-112.3849328, 49.8424285],
            [-112.3768647, 49.8406572],
            [-112.3701751, 49.8399549],
            [-112.3667148, 49.8398221],
            [-112.3594948, 49.8399851],
            [-112.3552572, 49.8413454],
            [-112.3515495, 49.8434971],
            [-112.3487123, 49.8446425],
            [-112.3456652, 49.8446866],
            [-112.3410895, 49.8430402],
            [-112.337211, 49.8420964],
            [-112.33411, 49.8417093],
            [-112.3309344, 49.8419633],
            [-112.3277267, 49.8423743],
            [-112.3261094, 49.843464],
            [-112.3251403, 49.8448599],
            [-112.3242099, 49.8463455],
            [-112.3232255, 49.846947],
            [-112.31954, 49.8466249],
            [-112.3160001, 49.8462167],
            [-112.3129586, 49.8451799],
            [-112.30819, 49.8431672],
            [-112.3054402, 49.8407656],
            [-112.3049282, 49.839034],
            [-112.3033186, 49.8371629],
            [-112.3004754, 49.835343],
            [-112.2978394, 49.8339321],
            [-112.2953843, 49.8339157],
            [-112.2931978, 49.8343106],
            [-112.2909806, 49.8347655],
            [-112.2891251, 49.8349384],
            [-112.2884591, 49.8347894],
            [-112.2851976, 49.8330178],
            [-112.2818233, 49.8305857],
            [-112.2801425, 49.8290789],
            [-112.2792962, 49.8280233],
            [-112.2788869, 49.8262779],
            [-112.2792047, 49.8250856],
            [-112.2799995, 49.8230297],
            [-112.2795308, 49.8218349],
            [-112.2778058, 49.8197355],
            [-112.2750963, 49.8185597],
            [-112.2709024, 49.8172548],
            [-112.2678121, 49.8130982],
            [-112.2657676, 49.810667],
            [-112.2640617, 49.8092824],
            [-112.2619374, 49.8079114],
            [-112.2571202, 49.8065197],
            [-112.2516485, 49.8059173],
            [-112.2450396, 49.8061458],
            [-112.2410806, 49.8065474],
            [-112.2365637, 49.8059242],
            [-112.2315104, 49.8057926],
            [-112.2270044, 49.8064366],
            [-112.2231206, 49.8071014],
            [-112.2176595, 49.807496],
            [-112.2143873, 49.8069351],
            [-112.2093769, 49.8071983],
            [-112.2032185, 49.8067967],
            [-112.200472, 49.8069559],
            [-112.1968349, 49.8078352],
            [-112.1937128, 49.8086731],
            [-112.1862669, 49.8088323],
            [-112.1799798, 49.8103278],
            [-112.1756454, 49.8130279],
            [-112.1719011, 49.8144541],
            [-112.167323, 49.815488],
            [-112.1652081, 49.8157516],
            [-112.1636038, 49.8161654],
            [-112.1622854, 49.8168869],
            [-112.1613303, 49.8176083],
            [-112.1582228, 49.8206852],
            [-112.1571311, 49.8220839],
            [-112.1570101, 49.8222391],
            [-112.1565723, 49.8241266],
            [-112.156355, 49.8253562],
            [-112.1564098, 49.8265858],
            [-112.1566675, 49.8292949],
            [-112.1569987, 49.8308794],
            [-112.1587797, 49.8343811],
            [-112.1573098, 49.8386644],
            [-112.1571382, 49.8402144],
            [-112.1567949, 49.8433141],
            [-112.1555932, 49.8458602],
            [-112.1547349, 49.8481847],
            [-112.1547349, 49.8507305],
            [-112.1567949, 49.8534975],
            [-112.1600564, 49.855711],
            [-112.1654423, 49.8588443],
            [-112.1670839, 49.8600409],
            [-112.1760424, 49.8622403],
            [-112.178392, 49.863499],
            [-112.1807095, 49.8657605],
            [-112.1826365, 49.8687518],
            [-112.1827157, 49.8718665],
            [-112.1816858, 49.873526],
            [-112.1791108, 49.8759599],
            [-112.1772226, 49.8771767],
            [-112.1731027, 49.8796104],
            [-112.1677812, 49.8823758],
            [-112.1631463, 49.8869106],
            [-112.1605714, 49.8906709],
            [-112.1619447, 49.8989646],
            [-112.161773, 49.9016183],
            [-112.1641763, 49.9042719],
            [-112.1664079, 49.9067042],
            [-112.1743043, 49.9112367],
            [-112.1806558, 49.9172058],
            [-112.1820291, 49.9205217],
            [-112.1809991, 49.9229531],
            [-112.1809991, 49.925274],
            [-112.1748193, 49.9325673],
            [-112.1710428, 49.9354401],
            [-112.1659572, 49.9389066],
            [-112.1614297, 49.9424005],
            [-112.1562799, 49.946046],
            [-112.1519883, 49.9479239],
            [-112.1504434, 49.9506853],
            [-112.1485551, 49.9533361],
            [-112.1428903, 49.9559868],
            [-112.139972, 49.9569808],
            [-112.1380838, 49.9593],
            [-112.1355089, 49.9634964],
            [-112.1334489, 49.9660361],
            [-112.1286424, 49.9669194],
            [-112.1270974, 49.9669194],
            [-112.1214326, 49.9660361],
            [-112.1149095, 49.9649319],
            [-112.1102746, 49.9639381],
            [-112.1056398, 49.9634964],
            [-112.1003183, 49.9641589],
            [-112.0952864, 49.9638],
            [-112.0899757, 49.9630201],
            [-112.0863064, 49.9618745],
            [-112.0835929, 49.9603553],
            [-112.0817574, 49.9593277],
            [-112.0787425, 49.9568911],
            [-112.0685073, 49.9515068],
            [-112.0670697, 49.9502573],
            [-112.0664044, 49.9476339],
            [-112.0669087, 49.9446859],
            [-112.0678636, 49.9421036],
            [-112.070932, 49.9388997],
            [-112.0731529, 49.9372148],
            [-112.0737, 49.9333891],
            [-112.0713611, 49.9310479],
            [-112.068475, 49.9295009],
            [-112.0661577, 49.9267037],
            [-112.0656534, 49.9232916],
            [-112.0660075, 49.9203766],
            [-112.0670696, 49.9181592],
            [-112.0688506, 49.9160176],
            [-112.0708891, 49.9125495],
            [-112.0708791, 49.9103363],
            [-112.0708783, 49.9100898],
            [-112.0698296, 49.9085611],
            [-112.0672949, 49.907326],
            [-112.0598116, 49.9049663],
            [-112.0549943, 49.9041544],
            [-112.049469, 49.9016218],
            [-112.0467277, 49.8996972],
            [-112.042392, 49.8965356],
            [-112.0420607, 49.8962935],
            [-112.0370879, 49.8945865],
            [-112.0306827, 49.8926788],
            [-112.0259084, 49.8910304],
            [-112.0221962, 49.8894993],
            [-112.0199218, 49.8881998],
            [-112.0160593, 49.8868207],
            [-112.0115586, 49.8870696],
            [-112.0060762, 49.8897862],
            [-112.0045152, 49.8917492],
            [-112.0019724, 49.8931039],
            [-111.9970693, 49.8935116],
            [-111.9906749, 49.8942996],
            [-111.9859918, 49.8950944],
            [-111.9825586, 49.8967531],
            [-111.9795652, 49.8983358],
            [-111.9767489, 49.9001429],
            [-111.9748338, 49.9017289],
            [-111.9710841, 49.9038434],
            [-111.9677259, 49.9048835],
            [-111.9622167, 49.9043755],
            [-111.9572224, 49.902534],
            [-111.9536121, 49.9009929],
            [-111.9518489, 49.9008496],
            [-111.9502809, 49.9012176],
            [-111.9473626, 49.9025823],
            [-111.9458713, 49.9050527],
            [-111.9473626, 49.9084799],
            [-111.9503667, 49.9115787],
            [-111.952888, 49.9137377],
            [-111.9557579, 49.9157067],
            [-111.9577052, 49.9178172],
            [-111.9573458, 49.9192782],
            [-111.9549425, 49.9210121],
            [-111.9511553, 49.9217305],
            [-111.9479956, 49.921399],
            [-111.9426312, 49.9193956],
            [-111.9388976, 49.9173095],
            [-111.9363226, 49.9157344],
            [-111.9330933, 49.9153129],
            [-111.9267418, 49.9156963],
            [-111.9204493, 49.91723],
            [-111.9182928, 49.917268],
            [-111.9164475, 49.9168743],
            [-111.9123759, 49.9156583],
            [-111.9074085, 49.9130883],
            [-111.9038894, 49.9117031],
            [-111.9018831, 49.9121384],
            [-111.897023, 49.9139899],
            [-111.8944158, 49.9163734],
            [-111.8933697, 49.9198032],
            [-111.890709, 49.9215268],
            [-111.8888207, 49.9217926],
            [-111.8832578, 49.9213886],
            [-111.8764718, 49.9205217],
            [-111.8738218, 49.9191919],
            [-111.8710055, 49.916736],
            [-111.8692514, 49.9149502],
            [-111.8681087, 49.9131126],
            [-111.8639727, 49.9121556],
            [-111.8556793, 49.9113957],
            [-111.8529542, 49.9116789],
            [-111.8511393, 49.912352],
            [-111.8499447, 49.9132541],
            [-111.8487271, 49.913641],
            [-111.8474466, 49.9135285],
            [-111.8462449, 49.9129995],
            [-111.8453319, 49.9121726],
            [-111.8441875, 49.9112977],
            [-111.8425258, 49.9101934],
            [-111.8403479, 49.9063794],
            [-111.8388994, 49.901563],
            [-111.8361743, 49.9004435],
            [-111.83243, 49.8998769],
            [-111.8287929, 49.9003122],
            [-111.8231924, 49.9021297],
            [-111.8163474, 49.9053222],
            [-111.812292, 49.9081275],
            [-111.8098779, 49.9116236],
            [-111.8064554, 49.9149814],
            [-111.8033334, 49.9169848],
            [-111.7999216, 49.9182489],
            [-111.7960485, 49.9188223],
            [-111.7921003, 49.9186773],
            [-111.7864032, 49.9166463],
            [-111.7829164, 49.9159485],
            [-111.7797943, 49.9160107],
            [-111.7751058, 49.9166118],
            [-111.7720374, 49.916971],
            [-111.7688723, 49.9176963],
            [-111.7661043, 49.9175789],
            [-111.7624887, 49.9170953],
            [-111.7586156, 49.9158795],
            [-111.7563411, 49.9142766],
            [-111.7531868, 49.9095854],
            [-111.7499038, 49.9082658],
            [-111.7458916, 49.9065207],
            [-111.7440458, 49.9058266],
            [-111.7420932, 49.9053292],
            [-111.7386278, 49.9048178],
            [-111.7345723, 49.90488],
            [-111.7306884, 49.9056539],
            [-111.7281564, 49.9075886],
            [-111.7265364, 49.9107669],
            [-111.7254098, 49.9130054],
            [-111.7249346, 49.9145694],
            [-111.7244442, 49.9161834],
            [-111.7242189, 49.9187532],
            [-111.7245515, 49.9206322],
            [-111.7241224, 49.9241826],
            [-111.7227383, 49.9256124],
            [-111.7197879, 49.9274358],
            [-111.7149385, 49.9290106],
            [-111.7137449, 49.9308671],
            [-111.7125376, 49.9334552],
            [-111.7126449, 49.9362177],
            [-111.7127615, 49.9371079],
            [-111.712517, 49.9374901],
            [-111.7105817, 49.9386653],
            [-111.7076983, 49.9397422],
            [-111.7045718, 49.9402045],
            [-111.7020473, 49.9400012],
            [-111.6999639, 49.9393322],
            [-111.6984183, 49.9379281],
            [-111.6969872, 49.9358379],
            [-111.6951397, 49.9335394],
            [-111.6919584, 49.9312622],
            [-111.6885734, 49.9292686],
            [-111.6860642, 49.9276558]
          ]
        ]
      },
      "id": "relation/9631292"
    }
  ]
}
